"Species","2015","2014","2013","2012","2011","2010","2009","2008","2007","2006","2005","2004","2003","2002","2001","2000","1999","1998","1997","1996","1995","1994","1993","1992","1991","1990","1989","1988","1987","1986","1985","1984","1983","1982","1981","1980","1979","1978","1977","1976","1975","1974","1973","1972","1971","1970","1969","1968","1967","1966","1965","1964","1963","1962","1961","1960","1959","1958","1957","1956","1955","1954","1953","1952","1951","1950","1949","1948","1947","1946","1945","1944","1943","1942","1941","1940","1939","1938","1937","1936","1935","1934","1933","1932","1931","1930","1928","1926","1925","1924","1922","1921"
"Snow Goose",0,0,0,"cw",0,0,0,0,0,0,1,2,0,0,0,0,0,0,0,1,0,1,"cw",1,1,1,0,0,0,0,2,2,1,0,1,0,6,0,0,0,0,0,0,0,0,0,0,0,0,0,0,0,0,0,0,0,0,0,0,0,1,0,0,0,0,0,0,0,0,0,0,0,0,0,0,0,0,0,0,0,0,0,0,0,0,0,0,0,0,0,0,0
"Brant",0,0,0,0,1,0,2,0,0,0,0,0,0,0,0,0,0,0,2,0,0,0,"cw",0,0,0,0,0,2,0,1,0,0,0,0,0,0,0,0,0,0,0,0,0,0,0,0,0,0,0,0,0,0,0,0,0,0,0,0,0,0,0,0,0,0,0,0,0,0,0,0,0,0,0,0,0,0,0,0,0,0,0,0,0,0,0,0,0,0,0,0,0
"Brant (Atlantic)",0,0,0,0,0,0,0,0,0,0,0,0,0,0,0,0,0,0,0,0,0,0,0,0,0,0,0,0,0,0,0,0,0,1,0,0,0,0,0,0,0,0,0,0,0,0,0,0,0,0,0,0,0,0,0,0,0,0,0,0,0,0,0,0,0,0,0,0,0,0,0,0,0,0,0,0,0,0,0,0,0,0,0,0,0,0,0,0,0,0,0,0
"Cackling Goose",2,0,0,4,0,0,0,0,0,0,0,0,0,0,0,0,0,0,0,0,0,0,0,0,0,0,0,0,0,0,0,0,0,0,0,0,0,0,0,0,0,0,0,0,0,0,0,0,0,0,0,0,0,0,0,0,0,0,0,0,0,0,0,0,0,0,0,0,0,0,0,0,0,0,0,0,0,0,0,0,0,0,0,0,0,0,0,0,0,0,0,0
"Canada Goose",4571,4747,5646,6079,4876,7586,9092,8008,6269,3158,8098,10119,7346,10415,3422,3723,4951,5403,3156,3962,5109,3299,4989,3520,4503,4113,2285,2327,2041,2670,1928,1729,577,580,1500,960,123,236,157,128,56,66,10,0,2,0,1,4,2,0,0,11,0,0,"cw",1,0,0,0,0,0,0,0,0,0,0,0,0,0,0,0,0,0,0,0,0,0,0,0,0,0,0,0,0,0,0,0,0,0,0,0,0
"Snow x Canada Goose (hybrid)",0,0,0,0,0,0,0,0,0,0,0,0,0,0,0,0,0,0,0,0,0,0,0,0,1,0,0,0,0,0,0,0,0,0,0,0,0,0,0,0,0,0,0,0,0,0,0,0,0,0,0,0,0,0,0,0,0,0,0,0,0,0,0,0,0,0,0,0,0,0,0,0,0,0,0,0,0,0,0,0,0,0,0,0,0,0,0,0,0,0,0,0
"Mute Swan",129,35,31,84,38,134,86,138,89,68,69,73,85,81,67,78,69,66,43,34,31,29,26,18,21,9,22,19,13,18,14,9,0,0,4,1,2,0,2,2,1,0,2,0,0,3,2,0,0,0,1,3,0,0,0,0,0,0,0,0,0,0,0,2,0,0,0,0,0,0,0,0,0,0,0,0,0,0,0,0,0,0,0,0,0,0,0,0,0,0,0,0
"Trumpeter Swan",176,95,187,118,191,193,153,184,162,67,100,106,66,63,15,34,13,12,0,2,9,4,8,0,0,0,0,0,0,0,0,0,0,0,0,0,0,0,0,0,0,0,0,0,0,0,0,0,0,0,0,0,0,0,0,0,0,0,0,0,0,0,0,0,0,0,0,0,0,0,0,0,0,0,0,0,0,0,0,0,0,0,0,0,0,0,0,0,0,0,0,0
"Tundra Swan",46,0,5,13,6,21,32,0,43,0,10,3,1,48,2,33,9,207,90,"cw",7,174,121,2,70,3,0,2,0,0,1,0,0,0,0,0,0,0,0,1,0,0,1,2,0,0,0,0,0,0,0,1,0,0,0,0,0,0,0,0,0,0,0,0,0,0,0,0,0,0,0,0,0,0,0,0,0,0,0,0,0,0,0,0,0,0,0,0,0,0,0,0
"Tundra Swan (Whistling)",0,0,0,0,0,0,0,0,0,0,0,0,0,0,0,0,0,0,0,0,0,0,0,0,0,0,0,0,0,0,0,0,0,0,0,0,0,0,0,0,0,0,0,0,0,0,0,0,0,0,0,0,0,0,0,0,0,0,0,0,0,0,3,0,0,0,0,0,0,0,0,0,0,0,0,0,0,1,0,0,0,0,0,0,0,0,0,0,0,0,0,0
"Whooper Swan",0,0,0,0,0,0,0,0,0,0,0,0,0,0,0,0,1,0,0,0,1,0,0,0,0,0,0,0,0,0,1,0,0,0,0,0,0,0,0,0,0,0,0,0,0,0,0,0,0,0,0,0,0,0,0,0,0,0,0,0,0,0,0,0,0,0,0,0,0,0,0,0,0,0,0,0,0,0,0,0,0,0,0,0,0,0,0,0,0,0,0,0
"Wood Duck",0,0,0,"cw",0,4,6,3,0,0,0,0,0,2,1,1,2,0,0,2,0,1,0,3,3,4,3,0,0,0,0,1,0,2,0,0,0,1,1,1,0,1,0,0,3,0,0,1,0,0,0,0,0,0,0,0,0,0,0,0,0,0,0,0,0,0,0,"cw",0,0,0,0,0,0,0,0,0,0,0,0,0,0,0,0,0,0,0,0,0,0,0,0
"Gadwall",54,28,4,64,25,30,29,74,52,88,85,7,90,94,91,34,129,65,150,39,46,216,65,74,72,64,29,129,278,144,176,86,26,277,200,57,51,20,99,2,40,24,8,9,15,30,0,0,1,3,0,0,1,0,0,0,0,0,0,0,0,0,0,0,0,0,0,0,0,0,0,0,0,0,10,0,0,0,0,0,0,0,0,0,"cw",0,0,0,0,0,0,0
"American Wigeon",2,2,0,0,10,0,"cw",0,0,1,0,0,0,"cw",0,0,0,3,6,0,0,0,0,0,0,0,0,0,1,0,0,"cw",0,2,0,0,0,0,1,1,1,2,0,"cw",2,3,0,0,0,0,0,0,1,0,1,0,0,0,2,0,0,0,0,0,0,0,0,0,0,0,0,0,0,0,1,1,0,1,0,0,0,0,0,2,"cw",0,0,0,0,0,0,0
"American Black Duck",210,202,333,279,153,327,264,452,402,79,764,242,636,639,273,228,417,222,294,376,176,446,203,205,535,397,329,650,598,466,291,589,313,293,650,500,298,380,330,360,1170,260,142,106,180,260,91,39,200,180,200,380,130,200,110,151,148,140,197,108,128,83,385,247,30,172,99,55,60,44,2,40,70,16,370,273,241,215,250,150,200,450,400,452,63,6,28,0,0,0,0,0
"Mallard",2888,2777,4425,5251,2239,4836,3485,5352,3835,777,11198,4608,6674,7956,2648,2031,4274,2618,2456,2351,2452,2321,1511,1223,1417,2081,1428,1757,2271,1198,887,2214,838,864,1340,1490,408,1180,1840,1430,3570,900,324,115,190,170,92,65,270,150,440,200,240,200,270,194,139,39,187,118,113,161,233,108,31,98,23,12,0,8,0,0,3,0,18,10,23,10,3,0,4,4,1,5,3,0,0,0,0,0,0,0
"American Black Duck x Mallard (hybrid)",8,2,4,3,4,4,4,45,48,44,7,2,0,4,0,0,0,0,0,0,0,0,0,0,6,0,0,0,0,0,0,0,0,0,0,0,0,0,0,0,0,0,0,0,0,0,0,0,0,0,0,0,0,0,0,0,0,0,0,0,0,0,0,0,0,0,0,0,0,0,0,0,0,0,0,0,0,0,0,0,0,0,0,0,0,0,0,0,0,0,0,0
"Blue-winged Teal",0,0,0,0,0,0,0,0,0,0,1,0,0,0,0,0,0,0,0,0,0,0,0,0,0,0,0,0,0,0,0,0,0,0,0,0,0,0,0,0,0,0,0,0,2,0,0,0,3,0,0,0,0,0,0,0,0,0,0,0,0,0,0,0,0,0,0,0,0,0,0,0,1,0,0,1,0,0,0,0,0,0,0,0,0,0,0,0,0,0,0,0
"Northern Shoveler",126,227,195,285,179,36,32,60,47,21,30,5,52,27,44,1,134,45,75,23,9,47,4,3,0,2,4,11,15,14,0,10,2,41,24,2,0,0,0,1,8,21,0,0,0,0,0,0,0,0,0,0,0,0,0,1,0,0,0,0,0,0,0,0,0,0,0,0,0,0,0,0,0,0,0,0,0,0,0,0,0,0,0,0,0,0,0,0,0,0,0,0
"Northern Pintail",3,2,2,4,0,12,12,30,10,6,55,2,41,43,72,45,39,42,40,13,31,42,28,38,27,24,32,37,58,46,7,36,8,14,7,30,10,5,6,6,13,4,2,0,1,1,2,0,5,0,0,6,0,0,1,0,1,0,0,0,0,0,"cw","cw",0,0,0,0,0,0,0,0,0,0,2,2,0,3,0,0,"cw",0,0,1,6,0,0,0,0,0,0,0
"Mallard x Northern Pintail (hybrid)",0,0,0,0,0,0,0,0,0,0,0,0,0,0,0,0,0,0,0,0,0,0,0,0,0,0,0,0,0,0,0,0,0,0,0,0,0,0,0,0,0,0,0,0,0,0,0,0,0,1,0,0,0,0,0,0,0,0,0,0,0,0,0,0,0,0,0,0,0,0,0,0,0,0,0,0,0,0,0,0,0,0,0,0,0,0,0,0,0,0,0,0
"Green-winged Teal",176,0,0,0,0,0,28,0,0,4,2,0,0,0,93,0,0,0,0,0,0,0,0,0,0,0,0,0,17,0,42,112,9,0,23,55,21,28,2,0,12,9,"cw",0,0,0,0,0,0,0,0,0,0,0,1,1,1,0,0,0,0,0,0,"cw",0,0,0,0,0,0,0,0,0,0,0,0,1,0,0,0,1,1,0,0,2,0,0,0,0,0,0,0
"Green-winged Teal (American)",0,27,12,38,23,4,0,28,36,0,0,25,32,15,0,2,24,50,39,11,0,6,1,0,10,0,0,1,0,31,0,0,0,52,0,0,0,0,0,0,0,0,0,0,0,1,0,1,0,0,0,0,0,0,0,0,0,0,0,0,0,0,0,0,0,0,0,0,0,0,0,0,0,0,0,0,0,0,0,0,0,0,0,0,0,0,0,0,0,0,0,0
"Canvasback",195,84,19,190,1073,98,154,87,22,103,160,150,195,339,393,73,121,321,149,84,43,77,75,50,50,25,0,51,38,19,17,26,4,29,39,7,13,1,15,14,7,9,0,5,3,19,0,0,5,1,7,11,2,0,6,2,"cw",11,12,1,17,14,6,1,1,3,0,4,1,0,0,3,0,0,4,0,3,1,0,0,0,0,1,0,1,0,0,0,0,0,0,0
"Redhead",42,11,7,5,13,50,18,23,4,45,52,37,8,5,58,40,72,367,88,13,17,41,2,1,6,0,6,8,0,27,4,12,16,2,80,27,70,0,42,58,43,20,2,22,0,28,1,2,3,0,1,10,1,1,0,"cw",1,5,3,1,0,1,3,5,0,0,0,1,0,0,0,0,0,0,0,0,4,0,0,0,0,0,0,4,2,0,0,0,0,0,0,0
"Ring-necked Duck",11,38,4,95,25,151,124,19,82,71,74,53,39,36,205,52,110,15,49,0,2,20,1,5,9,1,0,0,0,0,1,"cw",0,0,"cw",1,1,0,1,0,0,1,1,1,0,3,1,0,1,2,0,3,2,0,1,1,1,1,0,"cw",0,0,1,"cw",0,0,2,"cw",4,0,0,0,0,2,1,0,0,1,0,0,"cw",0,0,0,0,0,0,0,0,0,0,0
"Tufted Duck",0,0,0,0,0,0,0,0,0,0,0,0,0,0,0,0,0,0,0,0,0,0,1,0,0,0,0,0,0,0,0,0,1,0,0,0,0,0,0,0,0,0,0,0,0,0,0,0,0,0,0,0,0,0,0,0,0,0,0,0,0,0,0,0,0,0,0,0,0,0,0,0,0,0,0,0,0,0,0,0,0,0,0,0,0,0,0,0,0,0,0,0
"Greater Scaup",2077,3429,1156,2057,3591,4874,14584,4183,2151,629,7194,10861,11401,13131,7147,5886,17556,6256,9370,61,1369,14,2494,668,707,233,620,285,856,974,645,202,429,200,360,940,200,270,800,1300,690,278,76,140,41,130,35,32,66,69,9,30,75,53,26,54,164,250,161,127,303,895,762,925,36,142,114,45,220,118,"cw",14,105,215,350,510,500,167,600,24,"cw",200,2000,158,460,320,0,0,0,0,0,0
"Lesser Scaup",488,182,216,1208,300,858,742,1162,1238,1508,2293,533,1758,1094,478,4679,3287,1121,2012,690,2244,1054,803,902,541,140,146,435,459,100,300,121,31,200,60,200,12,15,20,8,10,6,2,3,2,1,1,1,1,0,0,1,0,1,2,2,0,1,1,1,10,5,320,4,0,1,4,0,0,31,0,7,0,80,0,1,14,0,3,0,0,0,0,0,0,2,0,0,0,0,0,0
"Greater/Lesser Scaup",0,0,0,0,0,0,0,0,0,0,2600,750,0,0,0,140,5000,16000,1460,576,32,0,0,0,0,0,0,0,0,0,0,0,0,0,0,0,0,0,0,0,0,0,0,0,0,0,0,0,0,0,0,0,0,0,0,0,0,0,0,0,0,0,0,0,0,0,0,0,0,0,0,0,0,0,0,0,0,0,0,0,0,0,0,0,0,0,0,0,0,0,0,0
"King Eider",0,0,"cw",0,0,0,1,0,1,0,0,1,1,0,2,1,0,0,1,0,0,0,0,0,0,0,0,0,0,0,0,0,0,0,0,0,0,0,0,1,0,0,4,0,0,1,0,0,0,0,0,0,22,0,0,0,"cw",2,0,1,0,0,1,1,0,2,0,0,0,0,0,0,0,0,0,0,0,0,0,0,1,0,0,0,0,0,0,0,0,0,0,0
"Common Eider",0,0,0,0,0,0,0,0,0,0,0,0,0,0,0,0,"cw",0,0,0,0,0,0,0,0,0,0,0,0,0,0,0,0,0,0,0,0,0,0,0,0,0,0,0,0,0,0,0,0,0,0,0,0,0,0,0,0,0,0,0,0,0,0,0,0,0,0,0,0,0,0,0,0,0,0,0,0,0,0,0,0,0,0,0,0,0,0,0,0,0,0,0
"Harlequin Duck",0,"cw",0,0,0,0,0,1,0,"cw",0,0,0,1,"cw",0,0,0,0,0,0,0,0,0,0,0,1,0,0,0,0,1,0,0,0,0,1,0,1,1,0,0,"cw",2,0,0,0,0,0,0,0,0,0,0,0,0,0,"cw",0,0,0,0,0,0,0,0,0,0,0,0,0,0,0,0,0,0,0,0,0,0,0,0,0,0,0,0,0,0,0,0,0,0
"Surf Scoter",24,54,31,59,137,34,181,22,132,59,224,45,5,127,125,76,48,93,26,2,2,3,0,0,1,0,0,0,0,0,"cw",0,0,0,0,1,3,0,0,0,0,0,0,0,0,0,0,0,1,0,0,0,0,0,0,1,0,0,0,0,0,0,"cw",0,0,1,0,0,0,0,0,0,0,0,0,1,0,0,0,0,0,0,0,0,0,0,0,0,0,0,0,0
"White-winged Scoter",276,409,504,701,474,576,667,379,704,62,937,1077,26,730,24,27,6,66,501,1,52,490,1,0,113,0,0,4,27,0,1,5,2,27,6,40,45,2,1,1,3,74,1,1,59,10,0,0,0,3,0,64,62,2,5,0,9,275,3,3,4,107,12,"cw",2,0,24,2,1,0,0,1,2,11,12,6,20,0,0,0,0,0,0,57,1,1,0,0,0,0,0,0
"Black Scoter",6,87,4,6,2,1,5,8,4,2,17,4,3,5,16,3,10,17,30,0,4,5,2,0,0,0,0,0,0,0,0,0,0,0,0,0,0,0,0,0,0,1,0,0,0,0,0,0,0,0,0,0,1,0,0,0,"cw",0,0,0,0,0,0,"cw",0,0,0,1,"cw",1,0,0,0,0,0,0,0,0,0,0,0,0,0,1,0,0,0,0,0,0,0,0
"scoter sp.",0,0,0,0,0,0,0,0,0,0,0,0,0,0,0,0,0,0,0,0,0,0,0,0,0,0,0,0,0,0,0,0,0,0,0,0,0,40,0,0,0,0,0,0,0,0,0,0,0,0,0,0,0,0,0,0,0,0,0,0,0,0,0,0,0,0,0,0,0,0,0,0,0,0,0,0,0,0,0,0,0,0,0,0,0,0,0,0,0,0,0,0
"Long-tailed Duck",2307,5115,4110,374,21954,6805,9024,3967,7118,1580,24304,850,8812,17369,10500,337,12855,2171,285,37,105,516,3,16,31,13,2,11,50,45,3,225,3,1075,225,250,500,65,48,180,96,270,25,5,110,11,100,35,150,54,17,57,550,32,11,145,27,600,491,90,5,70,37,2,2,5,31,8,29,56,1,14,7,19,1,5,2,9,2,35,8,12,12,70,3,25,0,0,0,0,0,0
"Bufflehead",422,360,321,377,479,251,373,449,598,375,655,406,670,682,551,311,925,711,650,313,371,573,247,249,245,104,150,243,254,199,110,101,53,168,172,155,485,181,96,200,95,49,42,42,32,47,63,61,59,54,100,54,41,17,27,15,48,12,21,10,16,16,68,41,13,6,2,10,3,3,2,5,4,1,9,14,1,1,6,0,1,1,1,1,0,0,0,0,0,0,0,0
"Common Goldeneye",1550,1364,621,1141,1630,1797,5792,2024,2022,1882,2726,3261,1775,2630,1570,3258,3133,1608,10456,4300,2117,983,1143,1727,407,34,23,230,139,132,50,131,52,190,176,335,625,170,135,430,56,47,62,90,89,90,170,130,100,100,180,100,220,110,85,347,213,175,179,118,145,350,715,405,244,182,257,318,185,150,59,91,211,51,410,442,134,280,270,254,70,235,75,99,266,165,30,66,0,0,0,0
"Barrow's Goldeneye",0,0,0,0,0,0,1,0,0,0,1,0,0,1,0,0,0,0,0,0,0,0,0,0,0,0,0,0,0,0,0,0,0,1,1,1,0,0,0,0,0,0,0,0,0,0,0,0,0,0,0,0,0,0,0,0,0,0,0,0,0,0,0,0,0,0,0,0,0,0,0,0,0,0,0,0,0,0,0,0,0,0,0,0,0,0,0,0,0,0,0,0
"Hooded Merganser",189,139,83,157,53,70,55,53,70,50,54,67,56,54,65,26,37,37,38,20,12,11,11,8,15,3,6,2,9,21,13,4,3,0,1,6,2,6,4,7,5,9,1,1,15,8,0,0,2,0,1,3,2,2,3,0,0,"cw",1,1,0,3,33,18,3,2,3,5,3,3,0,2,2,0,16,0,49,4,0,0,"cw",0,0,0,2,0,0,0,0,0,0,0
"Common Merganser",191,1079,501,827,178,1200,527,3202,1405,213,1935,1197,967,1302,315,1183,1120,446,1888,1248,1772,780,305,470,1567,1038,12,227,479,1218,1601,2015,1545,2774,9000,600,2270,6800,650,5600,680,1100,830,2000,2600,3200,3400,6300,1300,830,710,5100,5000,1500,6000,1200,4050,207,2000,1940,512,670,6300,2000,1400,1240,106,703,1500,470,350,419,220,6,239,840,210,452,300,16,60,130,70,480,2,5,0,7,0,0,0,0
"Red-breasted Merganser",195,148,420,334,252,152,589,502,331,260,196,102,70,138,40,82,80,221,74,23,47,56,22,24,23,31,11,28,57,23,7,90,10,11,16,18,9,1,6,61,13,18,4,2,21,5,2,19,8,7,14,36,18,9,7,59,21,17,74,40,1,285,51,47,14,8,2,130,200,6,3,12,21,4,88,45,53,11,2,1,6,0,"cw",17,"cw",0,0,0,0,0,0,0
"Ruddy Duck",234,39,41,543,630,450,423,882,602,650,850,224,391,383,322,164,137,31,59,28,1,1,0,0,0,1,0,4,13,12,1,0,1,7,5,0,4,2,0,3,2,0,2,3,2,1,0,0,0,0,0,0,1,5,0,2,0,0,1,5,1,12,7,0,1,4,2,0,1,0,0,1,0,0,0,0,0,0,0,0,0,0,0,0,0,0,0,0,0,0,0,0
"duck sp.",505,500,5001,1023,8000,600,643,15,5001,10001,251,12,32,500,4000,10000,0,0,0,0,5000,0,0,0,0,0,0,0,0,0,0,0,0,0,0,0,0,0,0,0,0,0,0,0,0,0,0,0,0,0,0,0,0,0,0,0,0,0,0,0,0,0,0,0,0,0,0,0,0,0,0,0,0,0,0,0,0,0,0,0,0,0,0,0,1200,0,30,0,1,0,2,0
"Northern Bobwhite",0,0,0,0,0,0,0,0,0,0,0,0,0,0,0,0,0,0,0,0,0,0,0,0,0,0,0,0,0,0,0,0,0,0,0,0,0,0,0,0,0,0,0,0,0,0,0,0,0,0,0,0,0,0,0,0,0,0,0,0,0,0,0,0,0,0,0,0,0,0,0,0,0,0,0,0,0,0,0,0,0,0,0,0,0,1,0,0,0,0,0,0
"Ring-necked Pheasant",0,0,0,0,"cw",2,0,9,2,2,0,2,0,1,0,1,0,1,3,2,6,4,1,0,2,3,5,5,8,9,18,15,17,35,39,63,13,16,60,99,35,116,62,69,150,190,350,320,110,280,160,83,170,150,140,180,56,89,54,40,36,41,26,14,38,18,6,16,10,7,3,62,21,109,133,166,90,230,26,67,112,8,12,22,4,6,15,1,0,0,0,0
"Gray Partridge",0,0,0,0,0,0,0,0,0,0,0,0,1,0,0,0,0,0,0,0,0,0,0,0,0,0,0,0,0,0,0,0,0,0,0,0,0,0,0,0,0,1,0,0,0,0,9,3,6,9,0,0,0,1,23,23,10,14,4,5,4,5,0,0,0,0,7,0,0,0,1,0,5,15,9,51,0,27,4,28,37,0,0,0,0,0,0,0,0,0,0,0
"Ruffed Grouse",0,0,0,0,0,0,0,0,0,0,1,0,0,0,1,0,0,1,0,2,3,1,1,4,5,12,11,9,18,9,10,10,18,13,15,38,25,31,12,11,5,27,11,3,27,13,4,2,22,8,9,3,7,4,8,9,10,10,9,14,3,5,15,15,3,13,11,13,8,9,4,11,13,4,49,33,40,68,18,22,2,7,7,2,1,3,0,1,0,0,0,1
"Wild Turkey",24,76,89,98,16,66,30,59,19,28,51,20,6,19,1,0,0,0,0,0,0,0,0,0,0,0,0,0,0,0,0,0,0,0,0,0,0,0,0,0,0,0,0,0,0,0,0,0,0,0,0,0,0,0,0,0,0,0,0,0,0,0,0,0,0,0,0,0,0,0,0,0,0,0,0,0,0,0,0,0,0,0,0,0,0,0,0,0,0,0,0,0
"Red-throated Loon",0,0,1,0,0,0,"cw","cw",1,1,0,0,2,"cw",0,0,0,0,0,0,0,0,0,0,0,0,0,"cw",0,0,0,1,0,0,0,0,0,0,0,0,"cw",0,0,0,0,0,0,0,0,0,0,0,1,0,0,0,0,0,0,1,0,0,1,0,0,0,0,"cw",2,0,0,0,0,0,0,0,0,0,0,0,0,0,0,0,0,0,0,0,0,0,0,0
"Pacific Loon",0,0,0,1,0,0,0,0,0,0,0,0,0,0,0,0,0,0,0,0,0,0,0,0,0,0,0,0,0,0,0,0,0,0,0,0,0,0,0,0,0,0,0,0,0,0,0,0,0,0,0,0,0,0,0,0,0,0,0,0,0,0,0,0,0,0,0,0,0,0,0,0,0,0,0,0,0,0,0,0,0,0,0,0,0,0,0,0,0,0,0,0
"Common Loon",7,5,0,3,9,0,2,2,4,1,4,1,1,0,7,0,0,1,6,1,1,3,0,2,3,2,0,3,3,4,0,3,1,0,2,1,1,1,0,0,1,0,0,"cw",1,0,2,0,0,0,0,0,2,0,1,"cw",0,0,0,2,1,0,2,1,0,0,1,1,0,2,0,0,2,1,2,2,1,0,0,0,0,0,0,0,0,0,0,0,0,0,0,0
"loon sp.",0,0,0,0,0,0,0,0,0,0,0,0,0,0,0,0,0,0,0,0,0,0,0,0,0,0,0,0,0,0,0,1,0,0,0,0,0,0,0,0,0,0,0,0,0,0,0,0,0,0,0,0,0,0,0,0,0,0,0,0,0,0,0,0,0,0,0,0,0,0,0,0,0,0,0,0,0,1,0,0,1,0,0,0,0,0,0,0,0,0,0,0
"Pied-billed Grebe",1,0,0,2,1,1,3,1,2,3,7,0,4,0,1,2,0,1,0,0,1,0,0,0,0,0,0,0,0,0,0,0,0,0,1,0,0,2,0,0,0,1,0,0,0,0,0,0,0,1,0,0,0,0,0,1,0,0,0,0,0,0,1,"cw",0,0,0,0,0,0,0,0,0,0,0,0,0,0,0,0,0,0,0,0,0,1,0,0,0,0,0,0
"Horned Grebe",1,1,"cw",0,1,0,0,1,0,"cw",0,"cw",0,1,0,1,0,1,1,0,0,0,0,"cw",0,0,0,0,8,0,1,0,0,0,2,0,3,0,1,1,1,1,"cw",3,0,1,0,2,4,2,1,4,9,0,5,5,2,"cw",5,6,2,3,8,1,0,2,6,0,0,1,1,3,0,0,3,4,2,1,0,2,0,3,3,2,2,1,2,0,0,0,0,0
"Red-necked Grebe",4,0,"cw",0,1,0,2,16,7,5,1,5,13,"cw",0,0,0,0,4,1,0,3,0,0,0,0,0,"cw",1,0,0,0,0,0,0,0,0,0,0,0,0,0,1,"cw",0,0,0,0,0,0,0,0,2,0,0,0,"cw",0,1,0,0,0,0,1,0,0,0,2,1,2,0,0,0,0,0,0,0,0,0,0,0,0,0,0,0,0,0,0,0,0,0,0
"Eared Grebe",0,0,0,0,0,0,0,0,0,0,0,0,0,0,0,0,0,0,0,0,0,0,0,0,0,0,0,0,0,0,0,0,0,0,0,0,0,0,0,0,0,0,0,0,0,0,0,0,0,0,0,1,0,0,0,1,0,0,0,0,0,0,0,0,0,0,0,0,0,0,0,0,0,0,0,0,0,0,0,0,0,0,0,0,0,0,0,0,0,0,0,0
"Northern Gannet",0,0,0,0,0,0,0,0,0,0,0,0,0,0,"cw",0,0,1,0,0,0,0,0,0,0,0,0,0,0,0,0,0,0,0,0,0,0,0,0,0,0,0,0,0,0,0,0,0,0,0,0,0,0,0,0,0,0,0,0,0,0,0,"cw",0,0,0,1,0,1,0,0,0,0,0,0,0,0,0,0,0,0,0,0,0,0,0,0,0,0,0,0,0
"Double-crested Cormorant",110,34,49,31,17,17,44,46,56,41,35,74,46,31,19,16,7,4,8,3,2,1,0,9,2,3,0,4,5,2,1,"cw",0,0,1,0,1,0,0,0,0,0,0,0,0,0,0,0,0,0,0,0,0,0,"cw",0,0,0,0,0,0,0,0,0,0,0,0,1,0,0,0,0,0,0,0,0,0,0,0,0,0,2,0,0,0,0,0,0,0,0,0,0
"American Bittern",0,0,0,0,0,0,0,0,0,0,0,0,0,0,0,0,0,0,0,0,0,0,0,0,0,0,0,0,0,0,0,0,0,0,0,0,0,0,0,0,0,0,0,0,0,0,0,0,0,0,0,0,0,0,0,1,0,0,0,0,0,0,0,0,0,0,0,0,0,0,0,0,0,0,0,0,0,0,0,0,0,1,0,0,0,0,0,0,0,0,0,0
"Great Blue Heron (Blue form)",8,9,15,15,8,6,6,12,5,13,6,6,8,7,5,4,1,9,7,7,"cw",3,2,2,6,7,1,3,32,12,8,13,1,3,6,1,1,4,4,3,3,15,5,6,2,1,1,1,1,2,1,0,5,6,2,2,2,0,3,2,1,1,"cw",2,2,2,0,0,2,0,0,1,2,0,0,4,3,0,0,1,0,0,0,0,0,1,0,0,0,0,0,0
"Black-crowned Night-Heron",0,1,11,10,2,4,3,6,1,1,8,5,7,2,0,3,0,0,1,0,0,1,0,9,10,1,0,2,0,6,0,0,0,1,0,0,0,0,0,0,0,1,0,0,0,0,0,0,0,0,0,0,0,0,0,0,0,0,0,"cw",0,0,0,0,0,0,0,0,1,0,0,0,1,1,0,0,0,0,0,0,0,0,0,0,0,0,0,0,0,0,0,0
"Black Vulture",0,0,0,0,0,0,0,0,0,0,0,0,0,0,0,0,0,0,0,0,0,0,0,0,0,0,0,0,1,0,0,0,0,0,0,0,0,0,0,0,0,0,0,0,0,0,0,0,0,0,0,0,0,0,0,0,0,0,0,0,0,0,0,0,0,0,0,0,0,0,0,0,0,0,0,0,0,0,0,0,0,0,0,0,0,0,0,0,0,0,0,0
"Turkey Vulture","cw",2,0,0,0,0,"cw",0,0,0,1,0,0,0,0,0,0,0,0,0,0,0,0,0,0,0,0,0,0,0,0,0,0,0,0,0,0,0,0,0,0,0,0,0,0,0,0,0,0,0,0,0,0,0,0,0,0,0,0,0,0,0,0,0,0,0,0,0,0,0,0,0,0,0,0,0,0,0,0,0,0,0,0,0,0,0,0,0,0,0,0,0
"Golden Eagle",0,0,0,0,0,0,0,0,0,0,0,0,0,0,0,0,0,0,"cw",0,0,0,0,0,0,0,0,0,0,0,0,0,0,0,0,0,0,2,0,0,0,0,0,0,0,0,0,0,0,0,0,0,0,0,0,0,0,0,0,0,0,0,0,0,0,0,0,0,0,0,0,0,0,0,0,0,0,0,0,0,0,0,0,0,0,0,0,0,0,0,0,0
"Northern Harrier",1,4,2,1,1,3,1,1,3,5,2,5,1,0,0,4,2,2,1,0,2,0,4,1,3,3,3,2,4,0,0,2,1,2,3,"cw",0,0,0,2,0,0,0,2,3,1,3,2,1,2,0,9,15,2,15,2,0,1,2,6,0,1,1,1,3,3,0,0,5,3,1,1,1,1,1,1,1,3,5,1,3,0,0,0,0,1,0,0,0,0,0,0
"Sharp-shinned Hawk",7,10,7,6,10,12,12,12,14,8,17,12,21,17,13,10,4,9,8,5,10,6,2,5,10,4,6,7,1,2,1,3,3,4,0,2,3,3,1,2,0,3,0,3,1,2,2,1,2,1,1,1,0,1,2,0,0,0,0,"cw",0,0,1,0,0,0,0,0,1,3,0,0,1,1,1,0,0,0,0,0,"cw",0,0,0,0,0,0,0,0,0,0,0
"Cooper's Hawk",13,12,16,9,15,23,17,20,16,10,16,9,13,16,4,8,5,4,3,2,2,5,3,3,4,2,2,5,4,1,1,0,0,0,3,0,0,1,0,1,0,0,1,3,1,3,2,2,1,0,2,1,4,0,"cw",1,"cw","cw",0,3,2,2,1,3,5,3,0,3,3,3,0,5,1,5,1,2,2,2,2,0,1,1,0,1,0,"cw",0,0,0,0,0,0
"Northern Goshawk",0,0,0,0,1,0,1,0,1,2,3,1,0,4,0,1,1,1,1,1,3,1,"cw",0,3,0,1,0,1,1,0,1,0,1,0,0,0,0,1,0,1,0,4,1,0,2,2,2,1,1,2,0,1,0,0,1,0,0,0,0,0,0,0,0,0,0,0,0,0,0,0,0,0,0,0,0,0,0,0,0,0,0,0,0,0,0,0,0,0,0,0,0
"Northern Goshawk (American)",0,0,0,0,0,0,0,0,0,0,0,0,0,0,0,0,0,0,0,0,0,0,0,0,0,0,0,0,0,0,0,0,0,0,0,0,0,0,0,0,0,0,0,0,0,0,0,0,0,0,0,0,0,0,0,0,0,0,"cw","cw",0,0,0,"cw",1,0,0,0,2,1,"cw",0,2,0,0,1,2,0,0,0,0,0,1,0,0,0,0,0,0,0,0,0
"Accipiter sp.",1,1,2,1,2,0,1,0,0,4,4,3,9,2,0,0,0,0,1,0,0,0,0,0,0,0,0,0,0,0,0,0,0,0,0,0,0,0,0,0,0,0,0,0,0,0,0,0,0,0,0,0,0,0,0,0,0,0,0,0,0,0,0,0,0,0,0,0,0,0,0,0,0,0,0,0,0,0,0,0,0,0,0,0,0,0,0,0,0,0,0,0
"Bald Eagle",7,6,11,3,4,3,5,9,4,3,5,5,2,3,1,3,"cw",0,"cw","cw",3,0,1,2,1,1,1,1,1,1,2,1,0,0,0,0,0,0,0,0,0,0,0,0,0,0,0,0,0,0,0,1,0,0,0,"cw",0,0,0,1,"cw",2,3,0,0,2,1,"cw",0,1,"cw",4,0,0,0,0,0,1,1,0,1,1,3,0,0,0,0,0,0,0,0,0
"Red-shouldered Hawk",0,0,0,0,0,1,0,1,1,1,0,0,0,2,1,0,0,1,0,0,0,0,0,0,1,0,1,0,0,0,0,0,0,1,0,0,0,0,1,0,0,0,0,2,1,1,1,1,1,1,0,0,4,0,3,1,1,0,1,0,0,0,0,0,0,0,0,0,"cw",2,0,0,0,0,1,0,0,0,1,0,1,0,0,0,1,0,0,0,0,0,0,0
"Red-tailed Hawk",139,126,146,93,109,174,135,158,127,166,156,110,160,129,90,104,61,80,79,57,119,81,52,83,113,90,105,74,117,117,106,121,68,90,91,100,97,123,98,120,87,116,102,94,110,180,150,97,91,56,49,100,150,66,120,97,14,77,38,26,27,14,19,15,13,12,8,11,19,9,3,5,8,10,7,3,3,8,1,1,3,1,"cw",1,0,0,0,0,0,0,0,0
"Rough-legged Hawk",0,2,6,"cw",1,3,1,3,2,2,1,8,6,3,0,2,0,0,0,0,0,3,4,3,9,2,9,4,7,7,2,6,8,2,10,18,8,3,8,3,1,11,3,8,5,10,17,19,17,14,7,100,34,9,21,44,"cw",8,9,16,3,0,2,1,2,1,1,4,0,0,1,0,1,8,1,0,1,3,4,0,3,3,1,0,1,0,0,0,0,0,0,0
"hawk sp.",0,0,0,0,0,0,0,0,0,0,0,0,0,0,0,0,0,0,0,0,0,0,0,0,0,0,0,0,0,0,0,0,0,0,0,0,0,0,0,0,0,0,0,0,0,0,0,0,0,0,0,0,0,0,0,0,0,0,0,0,0,0,0,0,0,0,0,0,0,0,0,0,0,0,0,0,0,0,0,0,0,0,0,0,0,1,0,1,0,4,0,0
"eagle sp.",0,0,0,0,0,0,0,0,0,0,0,0,0,0,0,0,0,0,0,0,0,0,0,0,0,0,0,0,0,0,0,0,0,0,0,0,0,1,0,0,0,0,0,0,0,0,0,0,0,0,0,0,0,0,0,0,0,0,0,0,0,0,0,0,0,0,0,0,0,0,0,0,0,0,0,0,0,0,0,0,0,0,0,0,0,0,0,0,0,0,0,0
"Common Gallinule",0,0,0,0,0,0,0,0,0,0,0,0,0,0,0,0,0,0,0,0,0,0,0,1,0,0,0,0,0,0,0,0,0,0,0,0,0,0,0,0,0,0,0,0,0,0,0,0,0,0,0,0,0,0,0,0,0,0,0,0,0,0,0,0,0,0,0,0,1,0,0,0,0,0,0,0,0,0,0,0,0,0,0,0,0,0,0,0,0,0,0,0
"American Coot",167,186,53,105,106,46,54,34,119,167,97,68,107,121,156,29,31,108,100,74,3,42,0,0,2,1,1,3,6,7,6,17,"cw",3,1,0,19,11,3,2,51,21,2,3,8,59,0,0,9,29,5,10,2,1,0,0,0,"cw",0,0,0,1,0,"cw",0,0,0,3,0,1,0,0,2,0,0,1,0,3,0,0,0,1,0,0,2,0,"cw",0,0,0,0,0
"Sandhill Crane",1,0,0,2,0,0,0,0,0,0,0,0,0,0,0,0,0,0,0,0,0,0,0,0,0,0,0,0,0,0,0,0,0,0,0,0,0,0,0,0,0,0,0,0,0,0,0,0,0,0,0,0,0,0,0,0,0,0,0,0,0,0,0,0,0,0,0,0,0,0,0,0,0,0,0,0,0,0,0,0,0,0,0,0,0,0,0,0,0,0,0,0
"Killdeer",0,0,0,0,"cw",0,0,0,0,0,0,0,0,0,1,0,0,0,0,0,0,0,0,0,0,0,0,0,0,0,1,0,0,0,0,0,0,1,0,0,3,1,4,0,5,0,0,0,0,0,0,2,2,3,1,0,0,0,5,3,0,0,2,2,0,0,0,0,0,0,0,0,1,0,1,0,1,0,0,0,0,0,0,0,0,0,0,0,0,0,0,0
"Spotted Sandpiper",0,0,0,0,0,0,0,0,0,0,0,0,0,0,0,0,0,0,0,0,0,0,0,0,0,0,0,0,0,1,0,0,0,0,0,0,0,0,0,0,0,0,0,0,0,0,0,0,0,0,0,0,0,0,0,0,0,0,0,0,0,0,0,0,0,0,0,0,0,0,0,0,0,0,0,0,0,0,0,0,0,0,0,0,0,0,0,0,0,0,0,0
"Greater Yellowlegs",0,0,0,0,0,0,0,0,0,0,0,0,0,0,0,0,0,0,0,0,0,0,0,0,0,0,0,0,0,0,0,0,0,0,0,0,0,0,0,0,0,0,0,0,0,0,0,0,0,0,0,0,0,1,0,0,0,0,0,0,0,0,0,0,0,0,0,0,0,0,0,0,0,0,0,0,0,0,0,0,0,0,0,0,0,0,0,0,0,0,0,0
"Lesser Yellowlegs",0,0,0,0,0,0,0,0,0,0,0,0,0,0,0,0,0,0,0,0,0,0,0,0,0,0,0,0,0,0,0,0,0,0,0,0,0,0,0,0,0,0,0,0,0,0,0,0,0,0,0,0,0,1,0,0,0,0,0,0,0,0,0,0,0,0,0,0,0,0,0,0,0,0,0,0,0,0,0,0,0,0,0,0,0,0,0,0,0,0,0,0
"Ruddy Turnstone",0,0,0,0,0,0,0,0,0,0,1,0,0,0,0,0,0,0,0,0,0,0,0,0,0,0,0,0,0,0,0,0,0,0,0,0,0,0,0,0,0,0,0,0,0,0,0,0,0,0,0,0,0,0,0,0,0,0,0,0,0,0,0,0,0,0,0,0,0,0,0,0,0,0,0,0,0,0,0,0,0,0,0,0,0,0,0,0,0,0,0,0
"Dunlin",0,0,0,0,0,0,0,0,0,0,0,0,0,0,0,0,0,0,0,"cw",0,0,0,1,0,3,0,0,0,0,0,0,0,0,0,"cw",0,1,0,0,0,0,0,0,0,0,0,0,0,0,0,0,0,0,0,0,0,0,0,0,0,0,0,0,0,0,0,0,0,0,0,0,3,0,0,0,0,0,0,0,0,0,0,0,0,0,0,0,0,0,0,0
"Purple Sandpiper",0,0,0,0,0,0,0,0,0,0,0,0,0,0,0,0,0,0,0,0,0,0,0,0,0,0,0,0,0,0,0,0,0,0,0,0,0,0,0,0,0,0,0,0,0,0,0,0,0,0,0,0,0,0,0,0,0,0,0,0,0,0,0,1,0,0,0,0,0,0,0,0,0,0,0,0,0,0,0,0,0,0,0,0,0,0,0,0,0,0,0,0
"Least Sandpiper",0,0,0,0,0,0,0,0,0,0,0,0,0,0,0,0,0,0,0,0,0,0,0,0,0,0,0,0,0,0,0,0,0,0,0,0,0,0,0,0,0,0,"cw",0,0,0,0,0,0,0,0,0,0,0,0,0,0,0,0,0,0,0,0,0,0,0,0,0,0,0,0,0,0,0,0,0,0,0,0,0,0,0,0,0,0,0,0,0,0,0,0,0
"Wilson's/Common Snipe",0,0,0,0,0,0,0,0,0,0,0,0,0,0,0,0,0,0,0,0,0,0,0,0,0,0,0,0,0,0,0,1,0,0,0,1,0,0,0,0,1,0,0,0,1,0,3,0,0,0,0,1,0,4,0,0,0,1,0,0,0,0,0,0,0,0,0,0,0,0,0,0,0,0,0,0,0,0,0,0,0,0,0,0,0,0,0,0,0,0,0,0
"American Woodcock",0,0,0,0,0,0,0,0,0,0,0,0,0,0,0,0,0,0,0,0,0,0,0,0,0,0,0,0,0,0,0,0,0,1,0,0,0,0,0,0,0,0,0,0,0,0,0,0,0,0,0,0,0,0,0,0,0,0,0,0,0,0,0,0,0,0,0,0,0,0,0,0,0,0,0,0,0,0,0,0,0,0,0,0,0,0,0,0,0,0,0,0
"Pomarine Jaeger",0,1,1,0,0,1,0,0,0,0,0,0,0,0,0,0,0,1,0,0,0,0,0,"cw",0,0,0,0,0,0,0,0,0,0,0,0,0,0,0,0,0,0,0,0,0,0,0,0,0,0,0,0,0,0,0,0,0,0,0,0,0,0,0,0,0,0,0,0,0,0,0,0,0,0,0,0,0,0,0,0,0,0,0,0,0,0,0,0,0,0,0,0
"jaeger sp.",0,0,0,1,0,0,0,0,0,0,0,0,0,0,0,0,0,0,0,0,0,0,0,0,0,0,0,0,0,0,0,0,0,0,0,0,0,0,0,0,0,0,0,0,0,0,0,0,0,0,0,0,0,0,0,0,0,0,0,0,0,0,0,0,0,0,0,0,0,0,0,0,0,0,0,0,0,0,0,0,0,0,0,0,0,0,0,0,0,0,0,0
"Thick-billed Murre",0,0,0,0,0,0,0,0,0,0,0,0,0,0,0,0,0,0,0,0,0,0,0,0,0,0,0,0,0,0,0,0,0,0,0,0,0,0,0,0,0,0,0,0,0,0,0,0,0,0,0,0,0,0,0,0,0,0,0,0,0,0,0,2,0,0,0,0,0,0,0,0,0,0,0,0,0,0,0,0,0,0,0,0,0,0,0,0,0,0,0,0
"Black-legged Kittiwake",0,0,0,2,0,0,0,0,0,"cw",0,0,0,0,0,0,0,0,0,0,0,0,0,0,0,0,0,0,0,0,0,0,0,0,0,0,0,0,0,0,1,0,0,1,0,0,0,0,0,0,1,0,0,0,0,0,0,0,0,0,0,0,0,"cw",0,0,0,0,0,0,0,0,0,0,0,0,0,0,0,0,0,0,0,0,0,0,0,0,0,0,0,0
"Bonaparte's Gull",0,0,4,4,0,0,3,0,0,1,0,0,0,0,0,0,0,0,5,"cw",0,1,0,2,0,0,0,0,2,0,6,"cw",1,0,7,0,111,3,0,5,4,1,0,3,0,0,0,0,1,0,0,0,0,0,0,0,0,0,0,4,0,0,"cw",1,0,"cw",3,"cw",0,8,0,0,0,0,0,34,1000,7,0,8,0,0,0,50,100,0,0,0,0,0,0,0
"Little Gull",0,0,0,0,1,0,0,0,0,0,0,0,0,0,0,0,0,0,0,0,0,0,0,0,0,0,0,0,0,0,0,0,0,0,0,0,0,0,0,0,0,0,0,0,0,0,0,0,0,0,0,0,0,0,0,0,0,0,0,0,0,0,0,0,0,0,0,0,0,0,0,0,0,0,0,0,1,0,0,0,0,0,0,0,0,0,0,0,0,0,0,0
"Franklin's Gull",0,0,0,0,1,0,0,0,0,0,0,0,0,0,0,0,0,0,0,0,0,0,0,0,0,0,0,0,0,0,0,0,0,0,0,0,0,0,0,0,0,0,0,0,0,0,0,0,0,0,0,0,0,0,0,0,0,0,0,0,0,0,0,0,0,0,0,0,0,0,0,0,0,0,0,0,0,0,0,0,0,0,0,0,0,0,0,0,0,0,0,0
"Ring-billed Gull",2236,1876,1432,2939,2120,419,1959,974,1637,1036,1556,1258,3467,1072,2618,698,2642,2104,2831,913,808,2219,729,1706,1309,1087,275,883,1579,763,227,1586,318,1488,1700,700,900,330,47,73,1000,160,60,110,160,230,240,190,110,30,160,39,35,11,100,120,800,10,65,5,7,80,950,700,11,30,300,8,18,10,0,4,7,0,16,57,350,19,0,4,1,50,2,50,250,75,1,0,0,2,0,0
"Herring Gull",428,2274,2323,918,1671,316,2545,3665,1197,656,995,1631,2076,1096,1001,428,2014,2502,1384,1444,553,2361,982,1481,820,4268,533,2133,1687,1563,805,2718,4443,1564,9500,900,7000,1300,800,2250,6200,7200,4200,4400,5400,6600,4600,3800,3300,750,1200,1600,3100,4300,12000,10000,5200,1500,2500,4000,6400,12600,8500,8700,11000,2750,11800,1277,2500,5400,1400,4319,3637,600,1898,5100,5500,3235,5200,10325,450,3450,550,1950,1900,641,323,359,254,19,268,"cw"
"Thayer's Gull",0,0,1,1,1,0,0,1,0,0,0,0,0,0,0,1,0,0,2,0,0,0,0,0,1,2,0,1,1,0,0,"cw",1,0,0,0,0,0,0,0,1,0,0,0,0,0,0,0,0,0,0,0,0,0,0,0,0,0,0,0,0,0,0,0,0,0,0,0,0,0,0,0,1,0,0,0,0,0,0,0,0,0,0,0,0,0,0,0,0,0,0,0
"Iceland Gull",1,2,4,2,3,0,1,51,9,1,2,7,1,"cw",1,0,2,4,2,1,1,0,5,4,1,2,3,3,1,1,1,2,2,0,0,3,2,0,1,2,0,2,1,0,0,2,0,1,0,0,0,3,1,0,3,1,"cw",0,0,"cw",0,2,1,0,0,0,0,0,0,0,0,0,1,0,0,0,0,0,2,0,0,0,0,0,0,0,0,0,0,0,0,0
"Iceland Gull (kumlieni)",0,0,0,0,0,0,0,0,0,0,0,0,0,0,0,0,0,0,0,0,0,0,0,0,0,0,0,0,0,0,0,0,0,0,0,0,1,1,1,1,0,0,0,0,0,0,0,0,0,0,0,0,0,0,0,0,0,0,1,0,0,0,0,1,0,1,1,"cw",0,1,0,0,0,0,0,0,0,0,0,0,0,0,0,0,0,0,0,0,0,0,0,0
"Lesser Black-backed Gull",0,1,4,1,4,0,"cw",3,2,1,1,1,0,0,1,0,0,1,0,0,0,0,0,1,1,0,0,0,0,0,0,0,"cw",0,0,0,0,0,0,0,0,0,0,0,0,0,0,0,0,0,0,0,0,0,0,0,0,0,0,0,0,0,0,0,0,0,0,0,0,0,0,0,0,0,0,0,0,0,0,0,0,0,0,0,0,0,0,0,0,0,0,0
"Glaucous Gull",0,14,8,2,7,1,14,50,19,2,2,18,3,13,0,2,8,30,13,13,30,11,22,18,22,70,7,33,6,2,13,11,27,1,5,30,19,4,2,12,4,7,4,3,6,12,8,5,6,4,1,5,5,1,5,4,5,1,3,4,3,6,2,3,2,4,4,"cw",0,1,"cw",4,1,1,2,0,0,3,1,2,"cw",3,10,1,0,0,0,0,0,0,0,0
"Herring x Glaucous Gull (hybrid)",0,0,0,0,0,0,0,0,0,0,0,0,0,0,0,0,0,0,0,0,0,0,0,1,1,0,0,0,0,0,0,0,0,0,0,0,0,0,0,0,0,0,0,0,0,0,0,0,0,0,0,0,0,0,0,0,0,0,0,0,0,0,0,0,0,0,0,0,0,0,0,0,0,0,0,0,0,0,0,0,0,0,0,0,0,0,0,0,0,0,0,0
"Great Black-backed Gull",146,343,354,110,36,8,181,138,99,37,34,143,68,78,94,95,139,192,160,144,109,211,128,138,122,310,21,200,186,109,61,110,92,72,400,94,207,86,49,433,150,88,47,46,110,130,120,100,140,95,56,100,130,57,77,128,162,32,82,127,198,147,77,78,66,34,80,47,47,0,0,0,0,0,0,0,0,111,82,200,34,102,27,11,0,15,"cw",0,0,0,0,0
"Herring x Great Black-backed Gull (hybrid)",1,0,0,0,0,0,0,0,0,0,0,0,0,0,0,0,0,0,0,0,0,0,0,0,0,0,0,0,0,0,0,0,0,0,0,0,0,0,0,0,0,0,0,0,0,0,0,0,0,0,0,0,0,0,0,0,0,0,0,0,0,0,0,0,0,0,0,0,0,0,0,0,0,0,0,0,0,0,0,0,0,0,0,0,0,0,0,0,0,0,0,0
"gull sp.",41,23,18,0,8,0,0,71,21,0,2,10,213,5,0,0,0,0,0,0,0,0,0,0,0,0,0,0,0,0,0,0,0,0,0,0,0,0,0,0,0,0,0,0,0,0,0,0,0,0,0,0,0,0,0,0,0,0,0,0,0,0,0,0,0,0,0,0,0,45,64,68,73,45,98,98,65,0,0,0,0,0,0,0,0,0,0,0,0,0,0,0
"Caspian Tern",0,0,0,0,0,0,0,0,0,0,0,0,0,0,0,0,0,0,0,0,0,0,0,0,0,0,0,0,0,0,0,0,0,0,0,1,0,0,0,0,0,0,0,0,0,0,0,0,0,0,0,0,0,0,0,0,0,0,0,0,0,0,0,0,0,0,0,0,0,0,0,0,0,0,0,0,0,0,0,0,0,0,0,0,0,0,0,0,0,0,0,0
"Rock Pigeon (Feral Pigeon)",2595,1443,1210,1081,841,2309,1626,2296,1946,1747,5140,1488,1440,2460,936,944,1113,1161,1209,1030,1436,1068,776,1579,2590,949,1629,786,1494,1769,966,1260,643,988,1000,525,1030,1010,470,717,60,280,10,0,0,0,0,0,0,0,0,0,0,0,0,0,0,0,0,0,0,0,0,0,0,0,0,0,0,0,0,0,0,0,0,0,0,0,0,0,0,0,0,0,0,0,0,0,0,0,0,0
"Mourning Dove",415,574,1023,663,657,890,2180,1986,2052,965,1228,708,692,1507,906,1128,494,1037,657,969,759,616,332,486,972,460,885,1288,473,660,586,403,662,185,340,608,76,284,153,253,183,200,97,108,140,86,26,21,22,9,16,4,23,35,63,28,13,4,3,2,0,31,0,20,0,0,0,1,9,1,0,1,2,0,0,0,0,1,3,0,7,0,0,0,0,0,0,0,0,0,0,0
"Barn Owl (American)",0,0,0,0,0,0,0,0,0,0,0,0,0,0,0,0,0,0,0,0,0,0,0,0,0,0,0,0,0,0,0,0,0,0,0,0,0,0,0,0,0,0,0,0,0,0,0,0,0,0,0,0,0,0,0,1,0,0,0,0,0,0,0,0,0,0,0,0,0,0,0,0,0,0,0,0,0,0,0,0,0,0,0,0,0,0,0,0,0,0,0,0
"Eastern Screech-Owl",10,14,18,9,11,14,4,15,17,16,18,32,13,30,19,20,5,14,10,13,8,9,10,9,18,17,24,15,14,15,20,16,1,4,0,0,0,0,0,0,0,0,0,0,0,0,0,0,0,0,0,0,0,0,0,0,0,0,0,0,0,0,0,0,0,0,0,0,0,0,0,0,0,0,0,0,0,0,0,0,0,0,1,1,0,0,0,0,0,0,0,0
"screech-owl sp.",0,0,0,0,0,0,0,0,0,0,0,0,0,0,0,0,0,0,0,0,0,0,0,0,0,0,0,0,0,0,0,0,0,0,8,6,3,3,1,5,1,3,3,2,5,2,2,1,2,0,2,2,2,1,2,2,4,1,4,1,7,3,2,1,1,3,3,4,2,4,1,6,2,2,0,2,3,8,3,2,1,0,0,0,1,0,1,0,0,"cw",0,0
"Great Horned Owl",6,6,6,6,5,5,6,16,2,4,3,7,5,10,7,9,2,8,4,6,10,10,"cw",7,22,11,5,18,19,25,15,45,11,17,14,11,11,12,18,13,4,22,17,11,24,12,14,9,21,9,6,9,6,13,9,11,6,7,11,7,6,7,3,7,4,12,13,15,9,13,5,5,7,8,4,4,8,4,4,2,1,0,0,0,0,1,0,0,0,0,0,0
"Snowy Owl","cw","cw",2,0,0,0,1,1,0,1,0,0,0,0,2,0,"cw",0,1,0,0,0,3,1,4,0,0,0,9,1,0,1,0,0,0,3,0,1,0,0,1,5,1,0,3,0,0,1,1,5,0,5,1,0,3,4,1,"cw",0,2,1,0,4,"cw",0,2,5,0,1,1,2,0,0,0,1,0,0,1,1,0,1,0,0,0,0,0,0,0,0,0,0,0
"Northern Hawk Owl",0,0,0,0,0,0,0,0,0,0,0,0,0,0,0,0,0,0,0,0,0,0,0,0,0,0,0,0,0,0,0,0,0,0,0,0,0,0,0,0,0,0,0,0,0,0,0,0,0,0,0,0,0,0,0,1,0,0,0,0,0,0,0,0,0,0,0,0,0,0,0,0,0,0,0,0,0,0,0,0,0,0,0,0,0,0,0,0,0,0,0,0
"Barred Owl",0,0,0,0,0,0,0,0,0,0,0,0,0,0,0,0,0,0,0,0,0,0,0,0,0,0,0,0,0,0,0,0,0,0,0,0,0,0,0,0,0,0,0,0,0,0,1,1,0,0,0,0,0,0,0,0,0,0,0,0,0,0,0,0,0,0,0,2,"cw",0,0,0,1,0,2,0,0,0,0,0,0,0,0,0,0,0,0,0,0,0,0,0
"Great Gray Owl",0,0,0,0,0,0,0,0,0,0,0,0,0,0,0,0,0,0,0,0,0,0,0,0,0,0,0,0,0,0,0,0,0,0,0,0,0,1,0,0,0,0,0,0,0,0,0,0,0,0,0,0,0,0,0,0,0,0,0,0,0,0,0,0,0,0,0,0,0,0,0,0,0,0,0,0,0,0,0,0,0,0,0,0,0,0,0,0,0,0,0,0
"Long-eared Owl",0,1,0,0,"cw",1,1,2,2,0,1,5,1,3,0,5,1,3,0,0,2,11,0,0,9,7,"cw",3,9,14,2,2,1,9,1,9,7,1,5,12,0,2,0,2,4,5,6,13,14,7,2,9,4,3,16,65,3,28,30,9,5,2,4,1,1,3,1,2,2,0,1,0,1,1,2,1,3,1,0,0,1,0,0,0,0,0,0,0,0,0,0,0
"Short-eared Owl",0,0,0,0,0,0,0,0,2,0,0,0,0,0,0,0,0,0,1,0,0,0,0,0,0,0,0,0,0,0,0,0,0,0,3,0,0,0,0,0,0,0,0,0,0,8,1,13,10,5,0,6,11,1,13,62,0,0,0,0,0,0,1,0,0,1,0,0,0,1,0,0,0,0,0,0,0,0,0,0,0,0,0,0,0,0,0,0,0,0,0,0
"Boreal Owl",0,0,0,0,0,0,0,0,0,0,0,0,0,0,0,0,0,0,0,0,0,0,0,0,0,0,0,0,0,0,0,0,1,0,0,0,0,0,0,0,0,0,0,0,0,0,0,0,0,0,0,0,0,0,0,0,0,0,0,0,0,0,0,0,0,0,0,0,0,0,0,0,0,0,0,0,0,0,0,0,0,0,0,0,0,0,0,0,0,0,0,0
"Northern Saw-whet Owl",0,0,1,2,0,0,0,0,0,0,0,0,0,0,0,0,0,0,"cw",0,0,0,0,0,0,0,2,0,0,1,0,0,0,0,"cw",0,1,0,0,1,"cw",0,0,0,1,1,1,0,1,0,0,0,0,1,1,0,0,0,1,0,0,0,1,0,0,1,"cw",0,0,0,0,0,0,0,0,0,0,0,0,0,0,0,0,0,0,0,0,0,0,0,0,0
"owl sp.",1,0,0,0,0,0,0,0,0,0,0,0,0,0,0,0,0,0,0,0,0,0,0,0,0,0,0,0,0,0,0,0,0,0,0,0,0,0,0,0,0,0,0,0,0,0,0,0,0,0,0,0,0,0,0,0,0,0,0,0,0,0,0,0,0,0,0,0,0,0,0,0,0,0,0,0,0,0,0,0,0,0,0,0,0,0,0,0,0,0,0,0
"Belted Kingfisher",8,8,4,8,7,6,1,6,4,10,5,5,6,10,9,4,1,6,5,4,8,7,3,4,9,5,5,6,10,10,5,8,7,10,7,10,6,6,4,4,4,5,6,7,13,10,4,5,5,2,4,5,4,2,2,10,3,3,10,4,1,3,5,6,2,3,1,1,3,0,0,0,0,0,0,0,0,1,0,0,1,0,2,0,0,0,0,0,0,0,0,0
"kingfisher sp.",0,0,0,0,0,0,0,0,0,0,0,0,0,0,0,0,0,0,0,0,0,0,0,0,0,0,0,0,0,0,0,0,0,0,0,0,0,0,0,0,0,0,0,0,0,0,0,0,0,0,0,0,0,0,0,0,0,0,0,0,0,0,0,0,0,0,0,0,0,3,1,0,3,1,1,2,1,0,0,0,0,0,0,0,0,0,0,0,0,0,0,0
"Red-headed Woodpecker",0,0,0,0,0,0,0,0,0,0,0,0,0,0,0,0,0,0,0,1,0,0,0,0,0,0,0,0,0,0,0,0,0,0,0,0,0,0,0,0,0,0,0,0,0,1,0,0,1,0,0,0,0,0,1,0,0,0,3,"cw",2,0,0,0,1,0,0,0,0,0,0,0,0,0,0,0,0,0,0,0,0,0,0,0,0,0,0,2,0,0,0,0
"Red-bellied Woodpecker",84,83,84,49,61,82,42,60,47,33,29,12,15,9,7,0,1,6,1,6,7,0,2,0,1,1,1,0,0,0,0,0,0,1,0,0,1,0,0,0,0,0,0,0,0,0,0,0,0,0,0,0,0,0,0,0,0,0,0,0,0,0,0,0,0,0,0,0,0,0,0,0,0,0,0,0,0,0,0,0,0,0,0,0,0,0,0,0,0,0,0,0
"Yellow-bellied Sapsucker",0,1,0,0,0,0,1,0,0,0,0,0,2,1,0,1,0,0,0,0,0,"cw",0,0,0,0,0,0,1,0,0,0,0,0,0,0,0,0,0,0,0,0,1,0,2,2,0,0,1,0,0,0,2,1,2,0,"cw",0,0,0,0,0,0,0,0,"cw",0,0,0,0,0,1,0,0,0,0,0,0,0,0,0,0,0,0,0,0,0,0,0,0,0,0
"Downy Woodpecker",237,222,230,181,184,217,228,308,323,204,236,175,180,187,146,161,81,169,153,163,176,124,86,101,112,112,154,165,164,163,140,130,124,157,153,213,160,115,112,145,66,130,97,118,180,210,150,110,210,100,98,120,280,110,196,155,87,158,130,55,55,50,66,80,103,100,41,56,58,62,23,63,44,78,60,55,48,70,35,29,41,19,11,29,17,13,15,27,8,8,23,2
"Hairy Woodpecker",95,96,61,68,60,60,73,90,119,75,71,57,54,64,53,51,26,36,36,45,56,29,30,40,35,33,31,39,24,30,38,40,25,33,34,32,30,23,21,32,35,34,21,27,42,43,29,23,60,31,58,36,120,26,83,47,15,51,80,33,14,31,26,25,24,19,10,12,13,21,13,14,15,15,10,14,17,18,15,0,4,1,1,4,6,3,4,3,3,1,6,0
"American Three-toed Woodpecker",0,0,0,0,0,0,0,0,0,0,0,0,0,0,0,0,0,0,0,0,0,0,0,0,0,0,0,0,0,0,0,0,0,0,1,0,0,0,0,0,0,0,0,0,0,0,0,0,0,0,1,0,0,0,0,0,0,0,0,0,0,0,0,0,0,0,0,0,0,0,0,0,0,0,0,0,0,0,0,0,0,0,0,0,0,0,0,0,0,0,0,0
"Black-backed Woodpecker",0,0,0,0,0,0,0,0,0,0,0,0,0,0,0,0,0,0,0,0,0,0,0,0,0,0,0,0,0,0,0,0,0,0,0,0,0,0,0,0,0,0,0,"cw",0,0,0,0,0,0,1,2,3,0,0,1,"cw",1,0,3,0,0,"cw",0,0,"cw",0,0,0,0,0,0,0,0,0,0,0,0,0,0,0,0,0,0,0,0,0,0,0,0,0,0
"Northern Flicker",5,0,0,3,0,6,0,0,0,13,0,3,12,0,0,0,0,0,0,0,0,0,0,0,0,0,0,0,0,0,9,0,0,0,0,0,0,0,0,0,0,0,0,0,0,0,0,0,0,0,0,0,0,0,0,0,0,0,0,0,0,0,0,0,0,0,0,0,0,8,0,2,1,0,0,6,2,6,5,1,3,1,0,1,0,0,0,2,0,0,1,0
"Northern Flicker (Yellow-shafted)",0,4,5,0,7,0,8,10,8,0,16,0,0,12,8,12,16,17,17,8,13,29,2,6,38,9,17,20,17,29,0,42,13,9,11,52,35,23,6,6,4,11,4,7,29,9,8,6,19,11,8,7,6,2,11,2,2,4,2,5,1,3,2,7,4,14,0,4,10,0,0,0,0,0,0,0,0,0,0,0,0,0,0,0,0,0,0,0,0,0,0,0
"Pileated Woodpecker",8,7,4,1,3,7,7,13,7,9,14,4,6,10,1,4,1,4,3,1,3,6,4,3,6,4,1,8,5,6,2,3,4,4,1,4,3,3,1,3,3,3,2,"cw",2,4,4,3,4,2,2,4,6,1,"cw",2,2,1,3,0,0,0,0,0,0,"cw",0,0,0,0,0,0,2,0,0,0,1,1,0,0,0,0,0,0,0,0,0,0,0,0,0,0
"woodpecker sp.",0,1,1,0,0,0,0,0,3,1,1,1,2,1,0,0,0,0,1,0,1,0,0,0,0,0,0,0,0,0,0,0,0,0,0,0,0,0,0,0,0,0,0,0,0,0,0,0,0,0,0,0,0,0,0,0,0,0,0,0,0,0,0,0,0,0,0,0,0,0,0,0,0,0,0,0,0,0,0,0,0,0,0,0,0,0,0,0,0,0,0,0
"American Kestrel",8,5,5,8,8,16,16,25,15,27,15,7,24,18,21,18,9,25,28,12,20,13,12,12,43,18,10,39,47,45,14,32,12,24,33,25,26,14,9,38,14,30,24,14,43,43,38,25,50,11,17,33,43,17,44,39,5,33,27,18,14,25,14,13,6,10,13,4,5,6,4,2,5,0,3,2,3,8,2,2,2,0,0,0,0,0,0,0,0,0,0,0
"American Kestrel (Northern)",0,0,0,0,0,0,0,0,0,0,0,0,0,0,0,0,0,0,0,0,0,0,0,0,0,0,0,0,0,0,0,0,0,0,0,0,0,0,0,0,0,0,0,0,0,0,0,0,0,0,0,0,0,0,0,0,0,0,0,0,0,0,0,0,0,0,0,0,0,0,0,0,0,0,0,0,0,0,0,0,0,1,1,1,1,0,0,0,0,0,0,0
"Merlin",7,4,5,4,3,1,3,2,3,3,3,"cw",1,3,1,2,"cw",0,0,1,1,0,1,"cw",0,1,0,0,0,0,0,0,1,0,0,1,0,0,0,0,0,0,0,0,0,0,0,0,0,0,0,0,0,0,0,"cw",0,1,"cw",0,0,0,1,0,0,0,0,0,0,0,0,0,0,0,0,0,0,0,0,0,0,0,0,0,0,0,0,0,0,0,0,0
"Gyrfalcon",0,0,0,0,0,0,0,0,0,0,0,0,0,0,0,0,0,0,0,0,0,0,0,0,0,0,0,0,0,0,0,0,0,0,"cw",0,0,"cw",0,0,0,0,0,0,0,0,0,0,0,0,0,0,0,0,0,0,0,0,0,0,0,0,0,0,0,0,0,0,0,0,0,0,0,0,0,0,0,0,0,0,0,0,0,0,0,0,0,0,0,0,0,0
"Peregrine Falcon",3,4,4,3,4,5,3,4,4,3,6,4,2,2,1,2,2,"cw",0,1,0,0,0,0,0,0,0,0,0,0,0,0,0,0,0,0,0,0,0,0,0,0,0,0,0,0,0,0,0,0,0,0,0,0,0,0,0,0,0,0,0,1,0,0,0,0,0,0,0,0,0,0,0,0,0,0,0,0,0,0,0,0,0,0,0,0,0,0,0,0,0,0
"Eastern Phoebe",0,1,0,"cw",0,0,0,0,0,0,0,0,0,"cw",0,0,0,0,0,0,1,0,0,0,0,0,0,0,0,0,0,0,0,0,0,1,0,0,0,0,0,0,0,0,0,0,0,0,0,0,0,0,0,0,0,0,0,0,0,0,0,0,1,0,0,0,0,0,0,0,0,0,0,0,0,0,0,0,0,0,0,0,0,0,0,0,0,0,0,0,0,0
"phoebe sp.",0,0,0,0,0,0,0,0,0,0,0,0,0,0,0,0,0,0,0,0,0,0,0,0,0,0,0,0,0,0,0,0,0,0,0,0,0,0,0,0,0,0,0,0,0,0,0,0,0,0,0,0,0,0,0,0,0,0,0,0,0,0,0,0,0,0,0,0,0,0,0,0,0,0,0,1,0,0,0,0,0,0,0,0,0,0,0,0,0,0,0,0
"Northern Shrike",1,1,5,1,4,4,7,4,8,3,0,3,2,4,1,8,3,5,4,2,14,2,1,0,2,5,2,4,3,6,2,6,1,6,5,1,2,10,8,14,3,6,8,12,4,15,15,8,8,7,6,13,6,4,21,6,1,3,7,13,5,9,5,0,1,1,6,2,"cw",1,0,0,0,0,0,0,0,3,0,0,1,0,0,0,0,1,0,0,0,0,0,0
"Gray Jay",0,0,0,0,0,0,0,0,0,0,0,0,0,0,0,0,0,0,0,0,0,0,0,0,0,0,0,0,0,0,0,0,0,0,0,0,0,0,0,0,0,0,0,0,0,0,0,0,0,0,0,0,0,0,0,0,0,0,0,0,0,0,0,0,0,0,0,0,0,0,0,0,0,0,0,0,0,0,0,0,0,0,0,0,0,0,0,0,0,0,0,1
"Blue Jay",331,290,449,155,257,427,354,527,376,474,454,288,148,369,269,357,97,336,183,374,397,498,156,191,245,269,303,293,162,343,223,432,139,259,190,243,324,174,173,230,80,165,134,220,360,300,210,100,360,240,200,230,260,150,174,205,90,213,167,87,97,78,60,83,83,93,64,71,66,41,53,46,78,55,61,43,82,33,80,18,20,20,6,52,14,13,3,8,3,2,13,3
"American Crow",682,768,471,495,734,984,703,657,632,518,1734,1856,3214,6110,1049,1154,1249,3050,1937,1195,4140,3074,1446,3057,5000,4293,2635,4687,3384,2716,3117,2006,2368,3565,7000,1900,2600,4000,900,3180,2200,4000,1603,2200,3200,3200,1800,2200,1300,2700,2400,1800,1200,500,1400,604,315,380,542,85,74,2,38,2,2,8,1,3,5,0,0,0,0,7,0,0,0,0,0,0,0,5,5,3,1,1,0,0,0,0,0,0
"crow sp.",0,0,0,0,0,0,0,0,0,0,0,0,0,0,0,0,0,0,0,0,0,0,0,0,0,0,0,0,0,0,0,0,0,0,0,0,0,0,0,0,0,0,0,0,0,0,0,0,0,0,0,0,0,0,0,0,0,0,0,0,0,0,0,0,0,0,0,0,0,4,3,1,0,0,6,15,2,82,69,22,10,0,0,0,0,0,0,4,4,0,21,"cw"
"Common Raven",3,2,0,4,2,2,2,0,0,0,0,3,2,0,0,0,0,0,0,0,0,0,0,0,0,0,0,0,0,0,0,0,0,0,0,0,0,0,0,0,0,0,0,0,0,0,0,0,0,0,0,0,0,0,0,0,0,0,0,0,0,0,0,0,0,0,0,0,0,0,0,0,0,0,0,0,0,0,0,0,0,0,0,0,0,0,0,0,0,0,0,0
"Horned Lark",2,2,4,"cw",18,72,0,84,1,0,3,"cw",9,52,20,101,4,106,2,15,2,35,16,6,50,20,27,33,6,0,16,"cw",132,0,3,217,0,36,1,150,170,62,0,6,0,16,4,11,6,0,0,0,2,15,3,8,"cw",20,0,0,4,0,2,0,1,0,0,1,1,3,0,19,6,8,0,0,0,0,0,0,9,0,0,3,0,0,60,0,0,0,0,0
"Horned Lark (Eastern dark Group)",0,0,0,0,0,0,0,0,0,0,0,0,0,0,0,0,0,0,0,0,0,0,0,0,0,0,0,0,0,0,0,0,0,0,0,0,0,0,0,0,0,0,0,0,0,0,0,0,0,0,0,0,0,0,0,0,0,0,0,0,0,0,0,0,0,0,0,0,0,0,0,0,0,0,0,0,0,2,0,0,0,0,22,0,0,0,0,0,0,0,0,0
"Barn Swallow",0,0,0,2,0,0,0,0,0,0,0,0,0,0,0,0,0,0,0,0,0,0,0,0,0,0,0,0,0,0,0,0,0,0,0,0,0,0,0,0,0,0,0,0,0,0,0,0,0,0,0,0,0,0,0,0,0,0,0,0,0,0,0,0,0,0,0,0,0,0,0,0,0,0,0,0,0,0,0,0,0,0,0,0,0,0,0,0,0,0,0,0
"Black-capped Chickadee",1578,1182,961,1315,1444,1541,1918,1862,2228,2013,2109,1348,1537,1070,1251,1057,1111,1588,1322,1069,1711,1486,875,1070,1227,1151,959,1411,1483,1606,926,1011,962,1305,1040,1004,1083,802,800,740,425,611,553,682,790,500,620,720,630,440,820,660,1200,800,1670,544,472,366,622,373,274,521,243,474,459,310,292,230,234,440,178,139,389,204,0,0,0,351,124,124,151,53,65,153,75,69,98,26,32,"cw",26,9
"Boreal Chickadee",0,0,0,0,0,0,0,0,0,0,0,0,0,0,0,0,0,0,0,0,0,0,0,0,0,0,0,0,0,0,0,0,0,1,1,1,0,0,0,0,0,0,0,7,0,0,1,0,0,0,0,0,0,0,0,0,0,0,0,0,0,0,0,0,1,0,0,0,0,0,0,0,0,0,0,0,0,0,0,0,0,0,0,0,0,0,0,0,0,0,0,0
"chickadee sp.",0,0,0,0,0,0,0,0,0,0,0,0,0,0,0,0,0,0,0,0,0,0,0,0,0,0,0,0,0,0,0,0,0,0,0,0,0,0,0,0,0,0,0,0,0,0,0,0,0,0,0,0,0,0,0,0,0,0,0,0,0,0,0,0,0,0,0,0,0,0,0,0,0,0,254,123,315,0,0,0,0,0,0,0,0,0,0,0,0,0,0,0
"Tufted Titmouse",4,1,1,1,0,1,0,1,0,0,0,1,1,"cw",1,"cw",3,1,1,2,1,0,0,0,3,0,1,2,1,0,0,0,1,0,1,0,"cw",1,0,0,2,2,2,1,2,4,0,5,2,4,2,5,8,4,6,0,0,0,0,0,"cw",1,0,0,0,0,0,0,1,0,0,0,0,0,0,0,0,0,0,0,2,0,0,0,0,0,0,0,0,0,0,0
"Red-breasted Nuthatch",12,34,9,69,21,38,31,27,98,38,50,36,81,5,24,28,13,4,37,2,33,29,10,1,13,8,30,20,72,11,10,22,11,17,20,17,5,10,16,26,6,18,1,9,11,15,18,6,5,14,11,5,26,8,7,1,8,14,15,2,10,8,4,0,3,2,4,0,1,0,"cw",0,2,1,1,0,4,0,8,0,0,0,0,0,0,2,0,0,0,0,0,0
"White-breasted Nuthatch",239,254,135,161,165,201,257,256,285,170,286,160,207,125,175,69,121,146,136,99,204,113,82,77,174,122,156,126,176,137,146,115,98,119,86,134,123,62,84,61,59,76,63,66,160,96,95,96,82,110,79,100,180,56,144,41,87,43,122,8,18,47,25,47,51,42,29,27,22,61,13,35,61,27,39,39,60,69,40,29,21,3,8,22,21,19,9,18,8,0,13,2
"Brown Creeper",19,18,15,10,14,24,53,26,10,19,10,27,13,17,16,3,5,16,29,43,36,54,10,12,10,16,6,9,58,29,25,97,19,88,23,18,55,29,9,23,2,21,28,28,34,44,26,13,67,10,14,26,47,59,22,35,32,72,31,34,25,14,18,22,7,35,18,29,22,14,2,18,18,9,2,18,5,12,13,4,5,3,1,3,4,13,"cw",0,1,0,9,1
"House Wren",1,0,0,0,0,0,0,0,0,0,0,0,0,0,0,0,0,0,0,0,0,0,0,0,0,0,0,0,0,0,0,0,0,0,1,0,0,0,0,0,0,0,0,0,0,0,0,0,1,0,0,0,0,0,0,0,0,0,0,0,0,0,1,0,0,0,0,0,0,0,0,0,0,0,0,0,0,0,0,0,0,0,0,0,0,0,0,0,0,0,0,0
"Winter Wren",16,17,25,11,7,24,0,0,0,0,0,0,0,0,0,0,0,0,0,0,0,0,0,0,0,0,0,0,0,0,0,0,0,0,0,0,0,0,0,0,0,0,0,0,0,0,0,0,0,0,0,0,0,0,0,0,0,6,0,0,0,0,0,0,0,0,0,0,0,0,0,0,0,0,0,0,0,0,0,0,0,0,0,4,0,0,0,0,0,0,0,0
"Pacific/Winter Wren",0,0,0,0,0,0,38,14,8,13,15,16,10,8,2,4,3,7,13,12,10,19,13,8,11,3,5,5,3,8,2,18,2,8,3,2,1,0,1,8,3,8,15,8,15,11,5,0,6,2,2,6,23,5,8,10,12,0,"cw",1,2,4,2,9,10,15,"cw",3,9,3,0,1,0,0,0,0,0,0,1,0,1,0,1,0,1,3,0,0,0,0,0,0
"Marsh Wren","cw","cw",0,0,0,0,0,0,0,0,0,0,0,0,0,0,0,0,0,0,0,0,0,0,0,0,0,0,0,0,0,0,0,1,0,0,0,0,0,0,1,0,0,"cw",0,0,4,0,2,0,0,0,1,0,2,"cw",1,0,0,0,0,0,0,0,0,0,0,0,1,0,0,0,3,1,0,0,0,0,0,0,0,0,0,0,0,0,0,0,0,0,0,0
"Carolina Wren",64,52,38,49,44,33,52,40,30,35,28,14,18,24,5,5,1,6,2,7,1,2,"cw",13,9,0,1,1,0,1,0,0,0,0,0,1,0,0,0,0,2,2,"cw",0,1,1,0,0,0,0,0,0,0,1,"cw",2,"cw",2,1,0,2,0,2,1,2,0,0,0,0,0,0,0,0,0,0,0,0,0,0,0,0,1,2,0,0,0,0,0,0,0,0,0
"Blue-gray Gnatcatcher",0,0,0,0,1,0,0,0,0,0,0,0,0,0,0,0,0,0,0,0,0,0,0,0,0,0,0,0,0,0,0,0,0,0,0,0,0,0,0,0,0,0,0,0,0,0,0,0,0,0,0,0,0,0,0,0,0,0,0,0,0,0,0,0,0,0,0,0,0,0,0,0,0,0,0,0,0,0,0,0,0,0,0,0,0,0,0,0,0,0,0,0
"Golden-crowned Kinglet",14,55,48,11,20,69,67,54,18,26,47,54,33,29,19,30,10,35,84,36,39,104,48,7,8,16,12,16,14,29,39,213,62,90,18,42,56,8,14,38,0,25,42,70,74,63,27,61,120,10,20,99,97,69,97,79,15,145,46,40,12,19,25,38,3,28,7,15,38,22,2,22,95,11,5,15,12,10,8,0,7,1,1,5,1,"cw","cw",11,0,8,28,0
"Ruby-crowned Kinglet",0,0,1,0,0,0,0,0,1,1,0,0,0,0,0,0,0,0,0,0,0,2,0,"cw",0,0,0,"cw",0,0,0,"cw",0,0,0,3,3,0,1,0,0,1,0,1,1,0,0,0,6,0,1,0,5,0,5,5,0,2,0,1,0,1,0,0,0,0,0,0,"cw",0,0,0,0,0,0,0,0,0,0,0,0,0,0,0,0,0,0,0,0,0,3,0
"Eastern Bluebird",14,10,42,32,52,13,9,21,41,21,13,13,13,52,10,11,23,26,45,"cw",3,6,0,3,13,6,10,5,10,4,0,3,0,1,"cw",0,0,0,0,0,0,0,0,"cw",2,0,0,0,0,0,0,0,0,0,0,2,0,0,0,0,0,0,1,0,0,0,0,0,0,0,0,0,0,0,0,0,0,0,0,0,0,0,0,0,0,0,0,0,0,0,0,0
"Swainson's Thrush",0,0,0,0,0,0,0,0,0,0,0,0,0,0,0,0,0,0,0,0,0,0,0,0,0,0,0,0,0,0,0,0,0,0,0,0,0,0,0,1,0,0,0,0,0,0,0,0,0,0,0,0,0,0,0,0,0,0,0,0,0,0,0,0,0,0,0,0,0,0,0,0,0,0,0,0,0,0,0,0,0,0,0,0,0,0,0,0,0,0,0,0
"Hermit Thrush",1,2,2,0,1,3,3,6,5,4,4,2,1,11,2,4,0,1,4,0,2,1,0,2,6,1,2,0,0,0,1,5,1,0,2,3,3,6,0,3,1,3,0,2,2,0,0,0,0,0,1,0,1,0,1,0,"cw",0,0,0,1,0,0,0,0,1,0,0,2,1,0,0,0,0,0,0,0,1,0,0,0,0,0,0,0,0,0,0,0,0,0,0
"American Robin",294,77,478,130,806,647,323,1587,369,172,1255,140,343,843,107,481,139,903,104,611,20,775,7,41,97,71,55,96,28,174,56,614,30,40,20,309,79,396,10,90,6,32,16,142,57,12,56,29,39,2,16,10,20,9,18,6,8,10,2,10,3,2,6,1,2,6,2,4,8,5,0,2,1,6,4,1,1,10,4,0,2,0,4,1,1,"cw",1,3,0,0,2,1
"Varied Thrush",0,0,0,0,0,0,0,0,0,0,0,0,0,0,0,0,0,0,0,0,0,0,0,0,0,0,0,0,0,0,0,0,0,0,0,0,0,0,0,1,0,0,0,0,0,0,0,0,0,0,0,0,0,0,0,0,0,0,0,0,0,0,0,0,0,0,0,0,0,0,0,0,0,0,0,0,0,0,0,0,0,0,0,0,0,0,0,0,0,0,0,0
"thrush sp.",0,0,0,0,0,0,0,0,0,0,0,0,1,1,1,0,0,0,0,0,0,0,0,0,0,0,0,0,0,0,0,0,0,0,0,0,0,0,0,0,0,0,0,0,0,0,0,0,0,0,0,0,0,0,0,0,0,0,0,0,0,0,0,0,0,0,0,0,0,0,0,0,0,0,0,0,0,0,0,0,0,0,0,0,0,0,0,0,0,0,0,0
"Gray Catbird",0,0,0,0,0,0,"cw","cw",0,1,0,1,1,1,0,0,1,1,0,"cw",0,1,0,0,0,1,0,0,0,0,1,0,0,1,0,2,0,1,0,0,0,0,0,0,0,2,2,0,1,0,0,0,1,0,1,0,0,"cw",1,0,0,0,0,0,0,1,"cw","cw",1,0,0,0,0,0,0,0,0,0,0,0,0,0,0,0,0,0,0,0,0,0,0,0
"Brown Thrasher",0,0,0,0,0,0,0,0,0,1,0,0,1,0,0,0,0,0,0,0,0,0,0,0,0,0,0,0,0,0,0,2,1,0,1,0,0,0,0,0,0,0,0,4,1,5,0,1,1,0,2,0,0,1,1,2,1,1,0,0,0,0,0,0,0,0,0,0,0,0,0,0,0,0,0,0,0,0,1,0,0,0,0,0,0,0,0,0,0,0,0,0
"Northern Mockingbird",10,20,13,14,26,14,28,28,29,22,17,13,32,29,21,24,11,35,13,9,15,12,5,22,44,14,9,14,18,8,1,2,4,5,19,8,5,3,2,2,5,3,1,1,1,1,1,2,3,2,1,0,0,0,0,0,0,0,"cw","cw",1,1,0,0,0,0,0,0,0,0,0,0,0,0,1,0,0,0,0,0,0,0,0,0,0,0,0,0,0,0,0,0
"European Starling",5377,8342,13414,2240,16338,9671,10994,8099,11388,17876,11886,8525,14855,19446,23383,3570,18180,23400,27006,16848,34000,38950,38945,59600,43100,66000,46650,1764,23500,35000,27100,71000,70000,72000,65000,73000,65000,21500,3850,43000,15000,30000,40000,43000,35000,25000,20000,26000,20000,3200,3700,4200,4100,4200,3300,1300,900,3100,7500,1740,2900,1700,3250,2000,2300,3075,916,2479,2504,3420,358,1489,473,1689,836,1103,451,1798,886,132,715,550,780,500,138,679,1714,264,4,1,0,0
"American Pipit",0,0,0,0,1,0,0,1,0,0,0,1,0,0,1,0,0,0,0,0,0,0,0,0,0,0,0,0,0,0,0,0,0,0,0,0,0,1,0,0,0,0,0,"cw",1,0,0,0,0,0,0,1,0,0,0,0,0,0,0,0,0,0,2,1,0,1,0,0,0,0,0,0,0,0,0,0,0,0,0,0,0,0,0,0,0,0,0,0,0,0,0,0
"Bohemian Waxwing",0,0,0,"cw",0,42,"cw",0,0,0,0,0,0,0,0,0,0,0,0,0,0,0,0,0,0,0,0,0,0,0,0,0,0,0,0,2,0,0,0,1,1,0,0,0,0,0,0,0,1,0,0,0,0,0,1,0,0,0,0,0,0,0,0,0,0,0,0,0,1,0,0,0,0,0,0,0,0,0,0,0,0,0,0,0,1,"cw",0,0,0,0,0,0
"Cedar Waxwing",294,75,180,104,576,1136,443,322,344,142,193,127,473,629,400,330,247,193,501,229,118,410,303,178,420,256,354,380,151,445,134,609,234,236,206,1030,235,266,118,600,51,145,1,275,240,85,110,38,250,47,63,28,100,55,52,23,73,203,12,17,34,7,47,46,21,68,23,25,278,0,3,34,10,77,0,71,31,0,101,0,0,72,0,46,100,"cw",0,55,1,15,12,0
"Lapland Longspur",0,0,0,0,0,1,0,0,0,0,0,0,0,0,0,0,0,0,0,0,12,0,0,0,0,0,0,0,0,0,0,1,0,1,0,14,0,4,0,1,0,0,0,"cw",0,0,0,0,0,0,0,9,8,0,2,4,0,8,0,0,0,0,20,0,0,0,0,0,0,0,0,0,0,0,0,0,0,0,0,0,0,0,0,0,0,0,0,0,0,0,0,0
"Snow Bunting","cw",0,188,1,2,259,126,243,14,158,150,152,155,25,3,103,65,6,123,217,329,2,13,31,67,286,184,84,14,32,30,4,437,3,1060,1150,0,192,2,340,13,190,56,10,3,140,30,950,100,40,4,0,8,43,260,58,8,29,3,35,2,0,"cw",0,468,75,0,0,26,320,1,405,0,33,1,37,0,4,50,91,230,0,15,25,0,1,0,0,0,0,2,0
"Ovenbird",0,0,0,0,0,0,0,0,0,0,0,0,0,0,0,0,0,0,0,1,0,0,0,0,0,0,0,0,0,0,0,0,0,0,0,0,0,0,0,0,0,0,0,0,0,0,0,0,0,0,1,0,0,0,0,0,0,0,0,0,0,0,0,0,0,0,0,0,0,0,0,0,0,0,0,0,0,0,0,0,0,0,0,0,0,0,0,0,0,0,0,0
"Black-and-white Warbler",0,0,0,0,0,0,0,0,0,0,0,0,0,0,0,0,0,0,0,0,0,0,0,0,0,0,0,0,0,0,0,0,0,0,0,0,0,0,0,0,0,0,0,0,0,0,0,0,0,0,0,0,1,0,0,0,0,0,0,0,0,0,0,0,0,0,0,0,0,0,0,0,0,0,0,0,0,0,0,0,0,0,0,0,0,0,0,0,0,0,0,0
"Orange-crowned Warbler",0,0,"cw",0,0,1,0,0,0,0,0,0,0,0,0,0,0,0,0,0,0,0,0,0,0,0,0,0,0,0,0,0,0,0,0,0,0,0,0,0,0,0,0,0,0,0,0,0,1,0,0,0,0,0,0,0,0,0,0,0,0,0,0,0,0,0,0,0,0,0,0,0,0,0,0,0,0,0,0,0,0,0,0,0,0,0,0,0,0,0,0,0
"Nashville Warbler",0,0,0,0,0,0,0,0,0,1,0,0,0,0,0,0,0,0,0,0,0,0,0,0,0,0,0,0,0,0,0,0,0,0,0,0,0,0,0,0,0,0,0,0,0,0,0,0,1,0,0,0,0,0,0,0,0,0,0,0,0,0,0,0,0,0,0,0,0,0,0,0,0,0,0,0,0,0,0,0,0,0,0,0,0,0,0,0,0,0,0,0
"Common Yellowthroat",0,0,0,0,0,1,0,0,0,0,0,0,0,1,1,0,0,0,0,0,0,0,0,0,0,0,0,0,1,1,0,0,"cw",0,"cw",0,1,2,0,0,0,0,1,1,3,2,0,0,3,1,1,0,0,0,0,"cw",1,0,0,0,0,0,0,"cw",0,1,0,0,0,0,0,0,0,0,0,0,0,0,0,0,0,0,0,0,0,0,0,0,0,0,0,0
"yellowthroat sp.",0,0,0,0,0,0,0,0,0,0,0,0,0,0,0,0,0,0,0,0,0,0,0,0,0,0,0,0,0,0,0,0,0,0,0,0,0,0,0,0,0,0,0,0,0,0,0,0,0,0,0,0,0,0,0,0,0,1,0,0,0,0,0,0,0,0,0,0,0,0,0,0,1,0,0,0,0,0,0,0,0,0,0,0,0,0,0,0,0,0,0,0
"Palm Warbler (Western)",0,1,0,0,0,0,0,0,0,0,0,0,0,0,0,0,0,0,0,0,0,0,0,0,0,0,0,0,0,0,0,0,0,0,0,0,0,0,0,0,0,0,0,0,0,0,0,0,0,0,0,0,0,0,0,0,0,0,0,0,0,0,0,0,0,0,0,0,0,0,0,0,0,0,0,0,0,0,0,0,0,0,0,0,0,0,0,0,0,0,0,0
"Pine Warbler",0,0,0,0,0,0,0,0,0,0,0,1,0,0,0,0,0,0,0,0,0,0,0,0,0,0,0,0,0,0,0,0,0,0,0,0,0,0,0,0,0,0,0,0,0,0,0,0,0,0,1,0,0,0,0,0,0,0,0,0,0,0,0,0,0,0,0,0,0,0,0,0,0,0,0,0,0,0,0,0,0,0,0,0,0,0,0,0,0,0,0,0
"Yellow-rumped Warbler (Myrtle)",0,3,3,1,5,0,6,"cw",3,0,0,0,1,0,0,0,0,1,8,2,0,3,0,0,1,0,1,0,0,1,0,1,0,3,0,0,3,0,0,1,0,2,0,0,0,0,0,0,5,0,0,0,1,1,1,3,0,1,1,0,0,0,"cw","cw",0,1,0,0,0,0,0,0,0,0,0,0,0,0,0,0,0,0,0,0,0,0,0,0,0,0,0,0
"Black-throated Gray Warbler",0,0,0,0,"cw",0,0,0,0,0,0,0,0,0,0,0,0,0,0,0,0,0,0,0,0,0,0,0,0,0,0,0,0,0,0,0,0,0,0,0,0,0,0,0,0,0,0,0,0,0,0,0,0,0,0,0,0,0,0,0,0,0,0,0,0,0,0,0,0,0,0,0,0,0,0,0,0,0,0,0,0,0,0,0,0,0,0,0,0,0,0,0
"Wilson's Warbler",0,0,0,0,1,0,0,0,0,0,0,0,0,0,0,0,0,0,0,0,0,0,0,0,0,0,0,0,0,0,0,1,0,0,0,0,0,0,0,0,0,0,0,0,0,0,0,0,0,0,0,0,0,0,0,0,0,0,0,0,0,0,0,0,0,0,0,0,0,0,0,0,0,0,0,0,0,0,0,0,0,0,0,0,0,0,0,0,0,0,0,0
"Yellow-breasted Chat",0,0,0,0,0,0,0,0,0,0,0,0,0,"cw",0,0,0,0,0,0,0,0,0,0,0,0,0,0,0,0,0,0,0,0,0,0,0,0,0,0,0,0,0,0,0,0,0,0,0,0,0,0,0,0,0,0,0,0,0,0,0,0,0,0,0,0,0,0,0,0,0,0,0,0,0,0,0,0,0,0,0,0,0,0,0,0,0,0,0,0,0,0
"American Tree Sparrow",456,289,487,473,258,940,402,1390,786,900,701,468,296,519,294,321,387,548,658,376,709,364,464,291,398,792,422,662,399,766,1124,568,593,643,460,836,328,404,650,820,520,586,866,542,950,710,1100,920,1000,700,520,970,2600,660,1300,770,630,716,400,1380,586,223,501,407,306,695,466,377,518,610,69,236,221,229,291,372,322,561,411,334,173,187,80,150,170,289,40,107,53,44,119,12
"Chipping Sparrow",0,0,2,"cw",0,0,2,0,0,0,0,0,2,0,0,0,0,0,0,0,0,0,0,0,0,0,0,0,0,0,0,0,0,0,1,4,0,0,0,0,0,0,0,1,2,0,0,0,10,0,0,0,0,0,2,1,0,0,1,0,0,0,0,0,0,0,0,0,0,0,0,0,2,0,0,0,0,0,0,0,1,0,0,0,0,0,0,0,0,0,0,0
"Field Sparrow",0,0,0,0,2,0,0,0,0,3,4,4,0,0,0,0,0,0,1,0,2,1,0,0,1,0,0,1,1,0,0,1,0,7,0,3,0,0,0,7,0,2,1,1,5,4,4,3,1,2,12,11,11,12,53,2,3,2,3,1,2,0,8,0,0,0,2,0,0,0,0,0,10,0,0,0,0,0,0,0,0,0,0,0,0,0,0,0,0,0,0,0
"Fox Sparrow",1,1,0,0,2,0,1,0,0,1,2,1,1,1,0,2,2,0,0,0,0,0,0,0,0,0,0,0,0,0,0,0,0,0,0,0,0,0,1,0,0,1,0,0,0,1,1,0,0,0,0,0,2,0,2,0,0,0,0,2,0,0,0,0,0,0,0,0,0,0,0,0,0,0,0,0,0,0,0,0,0,0,0,0,1,0,0,0,0,0,0,0
"Dark-eyed Junco",1024,0,0,0,915,1285,615,1954,1404,1321,1446,1253,0,0,0,0,0,0,0,0,0,0,0,0,0,0,0,0,0,0,872,0,0,0,0,0,0,0,0,0,0,0,0,0,0,0,0,0,0,0,0,0,0,0,0,0,0,0,0,0,0,0,0,0,0,0,0,0,0,0,0,0,0,0,0,0,0,0,0,0,0,0,0,0,0,0,0,0,0,0,0,0
"Dark-eyed Junco (Slate-colored)",0,742,852,1175,0,0,0,0,0,0,0,0,1397,1257,705,592,623,1037,901,736,705,698,622,564,761,557,725,737,664,696,0,1136,707,692,567,750,530,372,660,630,550,730,1077,600,1200,580,490,620,710,410,470,910,1900,960,1700,940,700,610,287,820,731,226,389,391,231,636,415,396,875,760,87,318,195,356,0,0,0,417,206,73,111,58,120,137,157,151,250,12,7,5,0,0
"Dark-eyed Junco (Oregon)",0,0,0,0,1,0,0,1,0,0,0,0,0,0,0,1,1,0,0,0,0,0,0,0,1,0,0,0,1,0,0,0,1,0,0,1,0,0,0,2,2,1,0,2,1,1,0,3,1,2,2,3,4,1,2,1,0,0,"cw",0,0,0,0,0,2,0,0,0,"cw",0,0,0,0,0,0,0,0,0,0,0,0,0,0,0,0,0,0,0,0,0,0,0
"Dark-eyed Junco (White-winged)",0,0,0,0,0,0,0,0,0,0,0,0,0,0,0,0,0,0,0,0,0,0,0,0,0,0,0,0,0,0,0,0,0,0,0,0,0,0,0,0,0,0,0,0,0,0,0,0,0,0,0,1,0,0,0,0,0,0,0,0,0,0,0,0,0,0,0,0,0,0,0,0,0,0,0,0,0,0,0,0,0,0,0,0,0,0,0,0,0,0,0,0
"White-crowned Sparrow",3,2,2,4,1,5,0,9,37,18,7,52,1,1,12,1,0,1,1,5,7,12,1,13,0,3,1,0,0,0,"cw",6,3,0,3,0,1,"cw",0,0,1,0,3,1,2,2,2,1,1,0,4,0,16,2,23,13,0,0,0,1,"cw",0,0,0,0,0,1,0,0,0,0,0,0,0,0,0,0,0,0,0,0,0,0,0,0,0,0,0,0,0,0,0
"Harris's Sparrow",0,0,0,0,0,0,0,0,0,0,0,0,0,0,0,0,0,0,0,0,0,0,0,0,0,0,0,0,0,0,0,0,0,0,0,0,0,0,0,0,0,0,0,0,0,0,0,0,0,0,0,0,0,0,1,0,0,0,0,0,0,0,0,0,0,0,0,0,0,0,0,0,0,0,0,0,0,0,0,0,0,0,0,0,0,0,0,0,0,0,0,0
"White-throated Sparrow",28,76,51,58,66,113,57,124,45,76,213,39,115,152,21,40,43,63,23,18,13,41,4,39,10,4,12,12,5,36,10,84,29,17,29,134,15,7,14,22,5,11,9,22,28,13,11,1,8,1,2,14,9,7,4,2,7,2,1,0,4,0,0,2,2,1,0,"cw",1,4,0,1,1,0,0,0,0,0,2,0,1,0,0,"cw",0,0,0,0,0,0,0,0
"Vesper Sparrow",0,0,0,0,0,0,0,0,0,0,0,"cw",0,0,0,0,0,0,0,0,0,0,0,0,0,0,0,0,0,0,0,0,0,0,0,0,0,0,0,1,0,0,0,"cw",0,1,0,0,0,0,0,0,0,1,4,2,0,0,0,0,0,0,0,0,0,0,0,1,3,0,0,0,0,0,0,0,0,0,0,0,0,0,0,0,0,0,0,0,1,0,0,0
"Savannah Sparrow",0,0,0,0,0,0,0,0,0,0,0,0,0,0,0,0,0,0,0,1,0,0,0,0,0,0,0,1,0,0,0,0,0,0,0,1,0,0,0,0,0,0,0,0,1,0,0,0,0,0,0,0,0,0,1,2,1,0,0,0,0,0,0,0,0,0,0,0,0,0,0,0,0,0,0,0,0,0,0,0,0,0,0,0,0,0,0,0,0,0,0,0
"Song Sparrow",12,12,21,21,22,23,18,74,25,35,48,35,23,40,31,45,19,48,29,61,70,38,18,39,59,38,39,63,53,33,46,68,38,63,53,86,48,41,40,158,89,56,54,82,120,60,73,83,89,71,62,78,290,83,143,168,162,157,62,69,34,13,27,26,22,37,24,20,54,33,4,31,40,12,12,43,7,19,6,16,11,0,0,0,0,"cw",9,1,1,5,0,0
"Song Sparrow (melodia/atlantica)",0,0,0,0,0,0,0,0,0,0,0,0,0,0,0,0,0,0,0,0,0,0,0,0,0,0,0,0,0,0,0,0,0,0,0,0,0,0,0,0,0,0,0,0,0,0,0,0,0,0,0,0,0,0,0,0,0,0,0,0,0,0,0,0,0,0,0,0,0,0,0,0,0,0,0,0,0,0,0,0,0,13,8,10,10,0,0,0,0,0,0,0
"Lincoln's Sparrow",0,0,0,0,0,0,0,0,0,0,0,0,0,0,0,0,0,0,0,0,0,0,0,0,0,0,0,0,0,0,0,0,0,0,0,0,0,0,0,0,0,0,0,0,0,0,0,0,0,0,0,0,0,0,1,0,0,0,0,0,0,0,0,0,0,0,0,0,0,0,0,0,0,0,0,0,0,0,0,0,0,0,0,0,0,0,0,0,0,0,0,0
"Swamp Sparrow",2,6,3,0,2,6,4,8,4,6,8,5,9,3,5,6,3,7,8,13,27,11,10,4,11,14,2,9,9,13,2,12,8,9,9,14,9,6,2,73,13,4,9,10,8,11,16,14,26,7,12,13,34,6,19,19,17,7,14,4,4,4,8,6,5,2,1,4,5,3,0,4,2,0,1,2,4,0,2,1,1,0,1,0,0,2,0,0,0,0,0,0
"Eastern Towhee",1,1,0,0,0,1,0,0,0,"cw",0,0,0,0,0,1,0,1,0,2,0,0,0,0,0,1,0,1,0,0,0,0,0,0,0,0,0,0,0,0,0,0,0,0,0,0,0,0,0,0,0,0,0,0,0,0,0,0,"cw",1,1,0,0,0,0,"cw",0,0,0,0,0,0,0,0,0,0,0,0,0,0,0,0,0,0,0,0,0,0,0,0,0,0
"Spotted/Eastern Towhee (Rufous-sided Towhee)",0,0,0,0,0,0,0,0,0,0,0,0,0,0,0,0,0,0,0,0,0,0,0,0,0,0,0,0,0,0,0,0,1,0,0,1,0,0,0,1,0,1,0,3,0,2,1,2,5,1,0,0,6,2,0,1,0,1,0,0,0,0,0,0,0,0,0,0,0,0,0,0,0,0,0,0,0,0,0,0,0,0,0,0,0,0,0,0,0,0,0,0
"towhee sp.",0,0,0,0,0,0,0,0,0,0,0,0,0,0,0,0,0,0,0,0,0,0,0,0,0,0,0,0,0,0,0,0,0,0,0,0,0,0,0,0,0,0,0,0,0,0,0,0,0,0,0,0,0,0,0,0,0,0,0,0,0,0,0,0,0,0,0,0,0,0,0,0,2,0,0,0,0,0,0,0,0,0,0,0,0,0,0,0,0,0,0,0
"sparrow sp.",0,0,0,0,0,0,0,0,0,0,0,0,0,0,0,0,0,0,0,0,0,0,0,0,0,0,0,0,0,0,0,0,0,0,0,0,0,0,0,0,0,0,0,0,0,0,0,0,0,0,0,0,0,0,0,0,0,0,0,0,0,0,0,0,0,0,0,0,0,0,0,0,0,0,391,189,180,0,0,0,0,0,0,0,0,0,0,0,0,0,78,0
"Northern Cardinal",424,419,486,489,429,545,480,619,672,586,598,551,425,495,573,505,473,554,472,475,441,353,304,371,329,370,371,362,268,255,277,252,222,255,195,332,247,132,164,238,166,212,213,223,320,210,170,160,170,200,230,150,360,260,197,247,149,193,156,116,86,67,83,104,113,88,76,80,54,54,35,63,52,28,22,29,14,26,9,6,6,2,2,2,"cw",1,0,0,0,0,0,0
"Rose-breasted Grosbeak",0,0,0,0,1,0,0,0,0,0,0,0,0,0,0,0,0,0,0,0,0,0,0,0,0,0,0,0,0,0,0,0,0,0,0,0,0,0,0,0,0,0,0,0,0,0,0,0,0,0,0,0,0,0,0,0,0,0,0,0,0,0,0,0,0,0,0,0,0,0,0,0,0,0,0,0,0,0,0,0,0,0,0,0,0,0,0,0,0,0,0,0
"Black-headed Grosbeak",0,0,0,0,0,0,0,0,0,0,0,0,0,0,0,0,0,0,0,0,0,0,0,0,0,0,0,0,0,0,0,0,0,0,0,0,0,0,0,0,0,0,1,0,0,0,0,0,0,0,0,0,0,0,0,0,0,0,0,0,0,0,0,0,0,0,0,0,0,0,0,0,0,0,0,0,0,0,0,0,0,0,0,0,0,0,0,0,0,0,0,0
"Red-winged Blackbird",5,2,2,21,1,0,8,11,2,7,3,11,0,2,2,6,11,7,4,1,4,43,0,0,15,1,2,12,4,5,1,31,0,13,4,1,17,5,25,2,"cw",7,2,7,53,38,23,0,17,11,15,68,14,16,14,12,6,8,0,0,0,0,0,1,1,0,0,1,1,1,0,0,0,1,0,0,0,0,0,0,0,0,0,14,0,0,0,0,0,0,0,0
"Eastern Meadowlark",0,0,0,0,0,0,0,0,0,0,0,0,0,0,0,0,0,0,0,0,6,0,0,0,0,0,0,0,0,0,0,0,0,0,0,0,0,0,0,0,0,0,7,"cw",6,1,1,14,25,0,1,1,37,13,129,42,9,1,"cw",16,2,0,0,0,4,1,0,0,0,0,0,0,0,0,0,0,0,0,0,0,0,0,0,"cw",0,0,0,0,0,0,0,0
"Western/Eastern Meadowlark",0,0,0,0,0,0,0,0,0,0,0,0,0,0,0,0,0,0,0,0,0,0,0,0,0,0,0,0,0,0,0,0,1,7,4,1,1,0,0,0,"cw",0,0,0,0,0,0,0,0,0,0,0,0,0,0,0,0,0,0,0,0,0,0,0,0,0,0,4,1,0,0,0,0,11,0,0,1,15,0,1,0,0,0,0,0,0,0,1,1,0,0,0
"Rusty Blackbird",0,0,"cw",0,13,0,0,0,0,"cw",0,0,0,0,0,1,3,0,2,0,0,0,0,0,0,1,0,0,1,0,2,0,1,1,2,1,0,1,0,4,5,2,3,"cw",17,2,7,0,5,6,1,0,22,2,8,10,17,7,0,1,0,0,2,"cw",0,0,0,0,1,0,0,0,0,0,0,0,0,0,0,0,0,0,0,0,0,0,0,0,0,0,0,0
"Common Grackle",1,0,1,0,"cw",0,0,2,1,2,1,2,0,1,0,"cw","cw","cw",1,1,2,6,0,0,"cw",0,0,3,0,0,1,1,8,1,2,1,7,1,5,3,4,4,9,13,8,1,7,2,20,5,2,10,7,9,6,1,5,5,0,0,0,0,0,0,0,0,0,0,0,0,0,0,0,0,0,0,0,0,0,0,0,0,0,0,0,0,0,0,0,0,0,0
"Common Grackle (Purple)",0,0,0,0,0,0,0,0,0,0,0,0,0,0,0,0,0,0,0,0,0,0,0,0,0,0,0,0,0,0,0,0,0,0,0,0,0,0,0,0,0,0,0,0,0,0,0,0,0,0,0,0,0,0,0,0,0,0,6,2,7,0,0,"cw",0,1,0,0,0,0,0,0,0,0,0,0,0,0,0,0,0,0,0,0,1,0,0,0,0,0,0,0
"grackle sp.",0,0,0,0,0,0,0,0,0,0,0,0,0,0,0,0,0,0,0,0,0,0,0,0,0,0,0,0,0,0,0,0,0,0,0,0,0,0,0,0,0,0,0,0,0,0,0,0,0,0,0,0,0,0,0,0,0,0,0,0,0,0,0,0,0,0,0,0,0,0,0,0,0,0,0,0,0,0,1,0,0,0,0,0,0,0,0,0,0,0,0,0
"Brown-headed Cowbird","cw",8,27,7,"cw",3,0,44,1,46,5,13,8,18,5,77,4,46,182,15,82,53,12,8,59,1,5,2,0,9,47,15,4,0,17,11,"cw",3,22,23,7,21,2,2,5,47,15,0,1,3,3,15,4,5,89,2,16,5,0,0,0,0,2,0,0,"cw",0,1,0,0,0,0,0,0,0,0,0,0,0,0,0,0,0,0,0,0,0,0,0,0,0,0
"Bullock's/Baltimore Oriole",0,0,0,0,0,0,0,0,0,0,0,0,0,0,0,0,0,0,0,0,0,0,0,0,0,0,0,0,0,0,0,0,0,0,0,0,0,0,0,0,0,1,0,0,0,0,0,0,0,0,0,0,0,0,0,0,0,0,0,0,0,0,0,0,0,0,0,0,0,0,0,0,0,0,0,0,0,0,0,0,0,0,0,0,0,0,0,0,0,0,0,0
"blackbird sp.",0,0,0,0,0,0,0,0,0,0,0,0,0,0,0,0,0,0,0,0,0,0,0,0,0,0,0,0,0,0,0,0,0,0,0,0,0,0,0,0,0,0,0,0,0,0,0,0,0,0,0,0,0,0,0,0,0,0,0,0,0,0,0,0,0,0,0,0,0,0,0,0,0,1,0,3,0,0,0,0,0,0,0,0,0,0,0,0,0,0,0,0
"Pine Grosbeak",0,0,0,1,0,0,0,0,84,0,0,0,0,0,2,0,0,0,1,0,15,0,8,0,0,0,0,"cw",0,1,209,0,19,0,25,15,2,0,174,0,70,0,1,354,10,5,13,60,0,1,130,0,0,0,147,0,0,0,17,0,11,4,0,0,42,0,0,0,0,4,"cw",0,0,0,0,0,0,0,0,0,0,0,"cw",0,0,0,0,0,0,0,0,0
"House Finch",291,429,406,608,530,632,330,601,470,442,386,388,478,539,627,743,537,780,448,303,1054,914,554,990,1509,1614,1669,1257,684,422,342,170,239,95,"cw",0,0,1,0,0,0,0,0,0,0,0,0,0,0,0,0,0,0,0,0,0,0,0,0,0,0,0,0,0,0,0,0,0,0,0,0,0,0,0,0,0,0,0,0,0,0,0,0,0,0,0,0,0,0,0,0,0
"Purple Finch",1,0,1,3,41,4,2,3,3,2,3,4,12,0,3,20,0,0,2,9,2,12,0,10,0,22,16,8,5,24,18,76,16,56,5,11,7,47,12,49,4,3,15,9,34,29,21,10,3,16,14,84,22,59,58,36,"cw",15,34,0,6,25,66,22,33,73,"cw",37,9,9,0,4,0,2,0,7,21,2,34,0,0,0,0,0,0,5,0,0,0,0,20,0
"Purple Finch (Eastern)",0,0,0,0,0,0,0,0,0,0,0,0,0,0,0,0,0,0,0,0,0,0,0,0,0,0,0,0,0,0,0,0,0,0,0,0,0,0,0,0,0,0,0,0,0,0,0,0,0,0,0,0,0,0,0,0,0,0,0,0,0,0,0,0,0,0,0,0,0,0,0,0,0,0,0,0,0,0,0,0,0,0,"cw","cw",3,0,0,0,0,0,0,0
"Haemorhous sp.",0,0,0,0,0,0,0,0,0,0,0,2,10,0,0,0,0,0,0,0,20,0,0,0,0,0,0,0,0,0,0,0,0,0,0,0,0,0,0,0,0,0,0,0,0,0,0,0,0,0,0,0,0,0,0,0,0,0,0,0,0,0,0,0,0,0,0,0,0,0,0,0,0,0,0,0,0,0,0,0,0,0,0,0,0,0,0,0,0,0,0,0
"Red Crossbill",0,0,0,0,0,0,0,1,0,0,0,0,0,0,0,0,0,0,0,0,0,0,0,0,0,0,0,0,0,0,0,1,0,0,0,"cw",0,0,3,0,3,0,15,6,2,0,29,0,0,31,4,0,10,0,0,290,0,0,"cw",0,35,0,0,0,0,20,0,0,0,0,0,0,0,0,0,0,0,0,0,0,0,0,0,0,0,0,0,0,0,0,7,0
"White-winged Crossbill",0,0,0,"cw",0,0,0,2493,0,0,0,0,0,0,0,0,0,0,1,0,2,0,0,0,0,0,0,"cw",0,0,3,2,0,0,14,4,30,0,22,0,1,0,0,"cw",390,2,21,9,7,60,0,0,220,0,0,37,0,0,"cw",0,11,15,0,0,0,1,0,0,13,0,0,0,0,0,1,0,15,0,0,0,0,0,0,0,0,0,0,0,0,0,0,0
"Common Redpoll",0,0,0,348,2,10,0,8,378,0,15,1,63,2,1,0,11,0,141,0,86,0,369,0,44,0,0,0,9,162,91,0,10,0,140,203,0,11,293,18,90,0,30,"cw",320,37,890,300,2,12,26,9,22,2,84,1,52,19,137,3,34,2,0,1,43,0,20,0,33,0,0,0,50,2,9,238,1,0,0,0,0,0,0,0,0,0,0,0,0,0,0,0
"Hoary Redpoll",0,0,0,2,0,0,0,0,5,0,0,0,0,0,0,0,0,0,0,0,0,0,1,0,0,0,0,0,0,0,0,0,0,0,0,0,0,0,0,0,0,0,0,0,0,0,0,1,0,0,0,0,0,0,0,0,1,0,1,0,0,0,0,0,0,0,0,0,0,0,0,0,0,0,0,0,0,0,0,0,"cw",0,0,0,0,0,0,0,0,0,0,0
"redpoll sp.",0,0,0,0,0,0,0,0,0,0,0,0,0,0,0,0,0,0,0,0,0,0,0,0,0,0,0,0,0,0,0,0,0,0,0,0,0,0,0,0,0,0,0,0,0,0,0,0,0,0,0,0,0,0,0,0,0,0,0,0,0,0,0,0,0,0,0,2,0,127,0,0,0,0,0,0,0,1,88,0,103,0,0,0,0,0,0,3,3,0,4,0
"Pine Siskin",5,32,3,154,14,130,"cw",34,85,0,7,30,119,0,25,0,17,0,18,0,103,0,0,0,4,25,59,3,411,572,61,9,56,0,170,264,0,0,250,34,250,12,99,145,800,25,360,97,17,130,110,12,29,29,26,11,13,36,130,0,780,6,1,145,0,43,30,"cw",0,3,0,0,0,0,0,6,0,0,0,30,0,0,30,0,0,2,1,5,0,0,87,0
"American Goldfinch",887,516,677,640,832,689,902,1358,1082,948,1005,681,651,477,303,285,160,339,299,222,382,267,163,160,307,319,378,508,393,530,371,348,416,557,268,276,588,218,400,410,190,121,137,190,670,140,510,220,550,230,350,300,540,190,262,420,93,620,160,43,51,115,113,104,93,83,7,31,9,0,0,0,0,0,0,0,0,0,0,0,0,2,0,7,20,0,1,0,0,0,0,0
"Spinus sp. (goldfinch sp.)",0,0,0,0,0,0,0,0,43,0,0,0,0,0,0,0,0,0,0,0,0,0,0,0,0,0,0,0,0,0,0,0,0,0,0,0,0,0,0,0,0,0,0,0,0,0,0,0,0,0,0,0,0,0,0,0,0,0,0,0,0,0,0,0,0,0,0,0,0,147,6,59,3,61,27,127,12,3,68,12,24,0,0,0,0,0,0,33,0,0,46,0
"Evening Grosbeak",0,6,0,"cw",0,0,0,0,"cw",0,0,1,0,0,1,0,0,0,0,0,0,0,0,0,0,2,7,0,6,116,25,9,59,10,94,67,173,57,123,0,335,47,39,77,35,110,27,86,3,8,48,1,330,0,156,5,5,3,2,"cw",2,12,10,1,15,0,"cw","cw",0,1,"cw",0,0,0,0,0,0,0,0,0,0,0,0,0,0,0,"cw",0,0,0,0,0
"finch sp.",0,0,3,3,0,0,0,0,0,0,0,0,0,0,0,0,0,0,0,0,0,0,0,0,0,0,0,0,0,0,0,0,0,0,0,0,0,0,0,0,0,0,0,0,0,0,0,0,0,0,0,0,0,0,0,0,0,0,0,0,0,0,0,0,0,0,0,0,0,0,3,0,0,0,0,0,0,0,86,0,17,0,0,0,0,0,0,0,0,0,0,0
"House Sparrow",2326,1318,1802,1473,1663,1871,2030,2753,2639,2268,1717,2430,2597,1889,2099,1689,1503,2235,1741,1976,2481,2264,1452,1690,2051,1827,2375,3138,2311,2544,2329,2046,1865,1582,2400,1990,1400,1745,1260,2200,1570,1140,1330,1360,3000,2900,2500,2200,2900,3900,2500,3000,2900,2000,3400,3300,1250,1570,1550,1200,1400,1900,1770,2600,1500,1482,957,1157,938,1415,796,1848,1290,1212,1940,1331,987,1564,360,129,575,355,300,"cw",550,"cw","cw",0,0,0,0,0